{
  "entity.fish.swim": {
    "sounds": [
	  { "name": "entity/fish/swim1", "weight": 1, "volume": 1 },
	  { "name": "entity/fish/swim2", "weight": 1, "volume": 1 },
	  { "name": "entity/fish/swim3", "weight": 1, "volume": 1 },
	  { "name": "entity/fish/swim4", "weight": 1, "volume": 1 },
	  { "name": "entity/fish/swim5", "weight": 1, "volume": 1 },
	  { "name": "entity/fish/swim6", "weight": 1, "volume": 1 },
	  { "name": "entity/fish/swim7", "weight": 1, "volume": 1 },
	  { "name": "ambience/beach/wave1", "weight": 10, "volume": 1, "attenuation_distance": 128 },
	  { "name": "ambience/beach/wave2", "weight": 10, "volume": 1, "attenuation_distance": 128 }
    ], 
    "replace": true
  },
  "entity.salmon.ambient": {
    "sounds": [
	  { "name": "ambience/beach/water", "stream": true, "weight": 1, "volume": 0.30 }
    ], 
    "replace": true
  },
  "entity.cod.ambient": {
    "sounds": [
	  { "name": "ambience/beach/water", "stream": true, "weight": 1, "volume": 0.30 }
    ], 
    "replace": true
  },
  "entity.tropical_fish.ambient": {
    "sounds": [
	  { "name": "ambience/beach/water", "stream": true, "weight": 1, "volume": 0.30 }
    ], 
    "replace": true
  },
  "entity.puffer_fish.ambient": {
    "sounds": [
	  { "name": "ambience/beach/water", "stream": true, "weight": 1, "volume": 0.30 }
    ], 
    "replace": true
  },
  "entity.drowned.ambient": {
    "sounds": [
	  { "name": "mob/drowned/idle1", "weight": 1, "volume": 1 },
	  { "name": "mob/drowned/idle2", "weight": 1, "volume": 1 },
	  { "name": "mob/drowned/idle3", "weight": 1, "volume": 1 },
	  { "name": "mob/drowned/idle4", "weight": 1, "volume": 1 },
	  { "name": "mob/drowned/idle5", "weight": 1, "volume": 1 },
	  { "name": "ambience/beach/water", "stream": true, "weight": 10, "volume": 0.30 }
    ], 
    "replace": true
  },
  "entity.drowned.ambient_water": {
    "sounds": [
	  { "name": "mob/drowned/water/idle1", "weight": 1, "volume": 1 },
	  { "name": "mob/drowned/water/idle2", "weight": 1, "volume": 1 },
	  { "name": "mob/drowned/water/idle3", "weight": 1, "volume": 1 },
	  { "name": "mob/drowned/water/idle4", "weight": 1, "volume": 1 },
	  { "name": "ambience/beach/wave1", "weight": 10, "volume": 1, "attenuation_distance": 80 },
	  { "name": "ambience/beach/wave2", "weight": 10, "volume": 1, "attenuation_distance": 80 }
    ], 
    "replace": true
  },
  "entity.dolphin.ambient": {
    "sounds": [
	  { "name": "mob/dolphin/idle1", "weight": 1, "volume": 1 },
	  { "name": "mob/dolphin/idle2", "weight": 1, "volume": 1 },
	  { "name": "mob/dolphin/idle3", "weight": 1, "volume": 1 },
	  { "name": "mob/dolphin/idle4", "weight": 1, "volume": 1 },
	  { "name": "mob/dolphin/idle5", "weight": 1, "volume": 1 },
	  { "name": "mob/dolphin/idle6", "weight": 1, "volume": 1 },
	  { "name": "ambience/beach/water", "stream": true, "weight": 12, "volume": 0.30 }
    ], 
    "replace": true
  },
  "entity.dolphin.ambient_water": {
    "sounds": [
	  { "name": "mob/dolphin/idle_water1", "weight": 1, "volume": 1 },
	  { "name": "mob/dolphin/idle_water2", "weight": 1, "volume": 1 },
	  { "name": "mob/dolphin/idle_water3", "weight": 1, "volume": 1 },
	  { "name": "mob/dolphin/idle_water4", "weight": 1, "volume": 1 },
	  { "name": "mob/dolphin/idle_water5", "weight": 1, "volume": 1 },
	  { "name": "mob/dolphin/idle_water6", "weight": 1, "volume": 1 },
	  { "name": "mob/dolphin/idle_water7", "weight": 1, "volume": 1 },
	  { "name": "mob/dolphin/idle_water8", "weight": 1, "volume": 1 },
	  { "name": "mob/dolphin/idle_water9", "weight": 1, "volume": 1 },
	  { "name": "mob/dolphin/idle_water10", "weight": 1, "volume": 1 },
	  { "name": "ambience/beach/wave1", "weight": 15, "volume": 1, "attenuation_distance": 80 },
	  { "name": "ambience/beach/wave2", "weight": 15, "volume": 1, "attenuation_distance": 80 }
    ], 
    "replace": true
  },
  "entity.squid.ambient": {
    "sounds": [
	  { "name": "entity/squid/ambient1", "weight": 1, "volume": 1 },
	  { "name": "entity/squid/ambient2", "weight": 1, "volume": 1 },
	  { "name": "entity/squid/ambient3", "weight": 1, "volume": 1 },
	  { "name": "entity/squid/ambient4", "weight": 1, "volume": 1 },
	  { "name": "entity/squid/ambient5", "weight": 1, "volume": 1 },
	  { "name": "ambience/beach/water", "stream": true, "weight": 15, "volume": 0.30 },
	  { "name": "ambience/beach/wave1", "weight": 5, "volume": 1, "attenuation_distance": 80 },
	  { "name": "ambience/beach/wave2", "weight": 5, "volume": 1, "attenuation_distance": 80 }
    ], 
    "replace": true
  },
  "entity.glow_squid.ambient": {
    "sounds": [
	  { "name": "entity/glow_squid/ambient1", "weight": 1, "volume": 1 },
	  { "name": "entity/glow_squid/ambient2", "weight": 1, "volume": 1 },
	  { "name": "entity/glow_squid/ambient3", "weight": 1, "volume": 1 },
	  { "name": "entity/glow_squid/ambient4", "weight": 1, "volume": 1 },
	  { "name": "entity/glow_squid/ambient5", "weight": 1, "volume": 1 },
	  { "name": "ambience/beach/water", "stream": true, "weight": 15, "volume": 0.30 },
	  { "name": "ambience/beach/wave1", "weight": 5, "volume": 1, "attenuation_distance": 80 },
	  { "name": "ambience/beach/wave2", "weight": 5, "volume": 1, "attenuation_distance": 80 }
    ], 
    "replace": true
  }
}