{
    "providers": [
        {
         "type": "bitmap",
         "file": "icons:chat/message_type.png",
         "ascent": 7,
         "height": 7,
         "chars": [
         "\uDB81\uDC20\uDB81\uDC21\uDB81\uDC22\uDB81\uDC23\uDB81\uDC24\uDB81\uDC25\uDB81\uDC26\uDB81\uDC27"
            ]
        },
		{
         "type": "bitmap",
         "file": "icons:chat/commands.png",
         "ascent": 7,
         "height": 7,
         "chars": [
		 "\uDB81\uDC28\uDB81\uDC29\uDB81\uDC2A\uDB81\uDC2B\uDB81\uDC2C\uDB81\uDC2D\uDB81\uDC2E\uDB81\uDC2F\uDB81\uDC30\uDB81\uDC31\uDB81\uDC32\uDB81\uDC33\uDB81\uDC34\uDB81\uDC35\uDB81\uDC36",
		 "\uDB81\uDC37\uDB81\uDC38\uDB81\uDC39\uDB81\uDC3A\uDB81\uDC3B\uDB81\uDC3C\uDB81\uDC3D\uDB81\uDC3E\uDB81\uDC3F\uDB81\uDC40\uDB81\uDC41\uDB81\uDC42\uDB81\uDC43\uDB81\uDC44\uDB81\uDC45"
            ]
        },
        {
         "type": "bitmap",
         "file": "icons:chat/whitelist.png",
         "ascent": 7,
         "height": 7,
         "chars": [
		 "\uDB81\uDC46\uDB81\uDC47\uDB81\uDC48\uDB81\uDC49\uDB81\uDC4A\uDB81\uDC4B"
            ]
        }
    ]
}