{
    "variants": {
        "moisture=0": { "model": "block/farmland/farmland" },
        "moisture=1": { "model": "block/farmland/farmland" },
        "moisture=2": { "model": "block/farmland/farmland" },
        "moisture=3": { "model": "block/farmland/farmland" },
        "moisture=4": { "model": "block/farmland/farmland" },
        "moisture=5": { "model": "block/farmland/farmland" },
        "moisture=6": { "model": "block/farmland/farmland" },
        "moisture=7": { "model": "block/farmland/farmland_moist" }
    }
}
