{
	"credit": "Made with Blockbench",
	"parent": "block/block",
	"textures": {
		"0": "block/stone",
		"1": "block/lapis_ore",
		"particle": "block/stone"
	},
	"elements": [
		{
			"from": [0, 0, 0],
			"to": [16, 16, 16],
			"faces": {
				"north": {"uv": [0, 0, 16, 16], "texture": "#0", "cullface": "north"},
				"east": {"uv": [0, 0, 16, 16], "texture": "#0", "cullface": "east"},
				"south": {"uv": [0, 0, 16, 16], "texture": "#0", "cullface": "south"},
				"west": {"uv": [0, 0, 16, 16], "texture": "#0", "cullface": "west"},
				"up": {"uv": [0, 0, 16, 16], "texture": "#0", "cullface": "up"},
				"down": {"uv": [0, 0, 16, 16], "texture": "#0", "cullface": "down"}
			}
		},
		{
			"from": [9, 1, -0.5],
			"to": [12, 3, 0],
			"faces": {
				"north": {"uv": [4, 13, 7, 15], "texture": "#1", "cullface": "north"},
				"east": {"uv": [4, 13, 5, 15], "texture": "#1", "cullface": "north"},
				"west": {"uv": [6, 13, 7, 15], "texture": "#1", "cullface": "north"},
				"up": {"uv": [4, 13, 7, 14], "rotation": 180, "texture": "#1", "cullface": "north"},
				"down": {"uv": [4, 14, 7, 15], "rotation": 180, "texture": "#1", "cullface": "north"}
			}
		},
		{
			"from": [5, 2, -0.5],
			"to": [8, 4, 0],
			"faces": {
				"north": {"uv": [8, 12, 11, 14], "texture": "#1", "cullface": "north"},
				"east": {"uv": [8, 12, 9, 14], "texture": "#1", "cullface": "north"},
				"west": {"uv": [10, 12, 11, 14], "texture": "#1", "cullface": "north"},
				"up": {"uv": [8, 12, 11, 13], "rotation": 180, "texture": "#1", "cullface": "north"},
				"down": {"uv": [8, 13, 11, 14], "rotation": 180, "texture": "#1", "cullface": "north"}
			}
		},
		{
			"from": [1, 3, -0.5],
			"to": [3, 7, 0],
			"faces": {
				"north": {"uv": [13, 9, 15, 13], "texture": "#1", "cullface": "north"},
				"east": {"uv": [13, 9, 14, 13], "texture": "#1", "cullface": "north"},
				"west": {"uv": [14, 9, 15, 13], "texture": "#1", "cullface": "north"},
				"up": {"uv": [13, 9, 15, 10], "rotation": 180, "texture": "#1", "cullface": "north"},
				"down": {"uv": [13, 12, 15, 13], "rotation": 180, "texture": "#1", "cullface": "north"}
			}
		},
		{
			"from": [4, 9, -0.5],
			"to": [6, 11, 0],
			"faces": {
				"north": {"uv": [10, 5, 12, 7], "texture": "#1", "cullface": "north"},
				"east": {"uv": [10, 5, 11, 7], "texture": "#1", "cullface": "north"},
				"west": {"uv": [11, 5, 12, 7], "texture": "#1", "cullface": "north"},
				"up": {"uv": [10, 5, 12, 6], "rotation": 180, "texture": "#1", "cullface": "north"},
				"down": {"uv": [10, 6, 12, 7], "rotation": 180, "texture": "#1", "cullface": "north"}
			}
		},
		{
			"from": [2, 13, -0.5],
			"to": [4, 14, 0],
			"faces": {
				"north": {"uv": [12, 2, 14, 3], "texture": "#1", "cullface": "north"},
				"east": {"uv": [12, 2, 13, 3], "texture": "#1", "cullface": "north"},
				"west": {"uv": [13, 2, 14, 3], "texture": "#1", "cullface": "north"},
				"up": {"uv": [12, 2, 14, 3], "rotation": 180, "texture": "#1", "cullface": "north"},
				"down": {"uv": [12, 2, 14, 3], "rotation": 180, "texture": "#1", "cullface": "north"}
			}
		},
		{
			"from": [7, 12, -0.5],
			"to": [9, 13, 0],
			"faces": {
				"north": {"uv": [7, 3, 9, 4], "texture": "#1", "cullface": "north"},
				"east": {"uv": [7, 3, 8, 4], "texture": "#1", "cullface": "north"},
				"west": {"uv": [8, 3, 9, 4], "texture": "#1", "cullface": "north"},
				"up": {"uv": [7, 3, 9, 4], "rotation": 180, "texture": "#1", "cullface": "north"},
				"down": {"uv": [7, 3, 9, 4], "rotation": 180, "texture": "#1", "cullface": "north"}
			}
		},
		{
			"from": [10, 13, -0.5],
			"to": [14, 14, 0],
			"faces": {
				"north": {"uv": [2, 2, 6, 3], "texture": "#1", "cullface": "north"},
				"east": {"uv": [2, 2, 3, 3], "texture": "#1", "cullface": "north"},
				"west": {"uv": [5, 2, 6, 3], "texture": "#1", "cullface": "north"},
				"up": {"uv": [2, 2, 6, 3], "rotation": 180, "texture": "#1", "cullface": "north"},
				"down": {"uv": [2, 2, 6, 3], "rotation": 180, "texture": "#1", "cullface": "north"}
			}
		},
		{
			"from": [8, 9, -0.5],
			"to": [13, 10, 0],
			"faces": {
				"north": {"uv": [3, 6, 8, 7], "texture": "#1", "cullface": "north"},
				"east": {"uv": [3, 6, 4, 7], "texture": "#1", "cullface": "north"},
				"west": {"uv": [7, 6, 8, 7], "texture": "#1", "cullface": "north"},
				"up": {"uv": [3, 6, 8, 7], "rotation": 180, "texture": "#1", "cullface": "north"},
				"down": {"uv": [3, 6, 8, 7], "rotation": 180, "texture": "#1", "cullface": "north"}
			}
		},
		{
			"from": [9, 10, -0.5],
			"to": [11, 11, 0],
			"faces": {
				"north": {"uv": [5, 5, 7, 6], "texture": "#1", "cullface": "north"},
				"east": {"uv": [5, 5, 6, 6], "texture": "#1", "cullface": "north"},
				"west": {"uv": [6, 5, 7, 6], "texture": "#1", "cullface": "north"},
				"up": {"uv": [5, 5, 7, 6], "rotation": 180, "texture": "#1", "cullface": "north"}
			}
		},
		{
			"from": [11, 4, -0.5],
			"to": [14, 5, 0],
			"faces": {
				"north": {"uv": [2, 11, 5, 12], "texture": "#1", "cullface": "north"},
				"east": {"uv": [2, 11, 3, 12], "texture": "#1", "cullface": "north"},
				"west": {"uv": [4, 11, 5, 12], "texture": "#1", "cullface": "north"},
				"up": {"uv": [2, 11, 5, 12], "rotation": 180, "texture": "#1", "cullface": "north"},
				"down": {"uv": [2, 11, 5, 12], "rotation": 180, "texture": "#1", "cullface": "north"}
			}
		},
		{
			"from": [13, 7, -0.5],
			"to": [15, 9, 0],
			"faces": {
				"north": {"uv": [1, 7, 3, 9], "texture": "#1", "cullface": "north"},
				"east": {"uv": [1, 7, 2, 9], "texture": "#1", "cullface": "north"},
				"west": {"uv": [2, 7, 3, 9], "texture": "#1", "cullface": "north"},
				"up": {"uv": [1, 7, 3, 8], "rotation": 180, "texture": "#1", "cullface": "north"},
				"down": {"uv": [1, 8, 3, 9], "rotation": 180, "texture": "#1", "cullface": "north"}
			}
		},
		{
			"from": [10, 12, -0.5],
			"to": [11, 13, 0],
			"faces": {
				"north": {"uv": [5, 3, 6, 4], "texture": "#1", "cullface": "north"},
				"east": {"uv": [5, 3, 6, 4], "texture": "#1", "cullface": "north"},
				"west": {"uv": [5, 3, 6, 4], "texture": "#1", "cullface": "north"},
				"down": {"uv": [5, 3, 6, 4], "rotation": 180, "texture": "#1", "cullface": "north"}
			}
		},
		{
			"from": [10, 3, -0.5],
			"to": [11, 4, 0],
			"faces": {
				"north": {"uv": [5, 12, 6, 13], "texture": "#1", "cullface": "north"},
				"east": {"uv": [5, 12, 6, 13], "texture": "#1", "cullface": "north"},
				"west": {"uv": [5, 12, 6, 13], "texture": "#1", "cullface": "north"},
				"up": {"uv": [5, 12, 6, 13], "rotation": 180, "texture": "#1", "cullface": "north"}
			}
		},
		{
			"from": [11, 5, -0.5],
			"to": [12, 6, 0],
			"faces": {
				"north": {"uv": [4, 10, 5, 11], "texture": "#1", "cullface": "north"},
				"east": {"uv": [4, 10, 5, 11], "texture": "#1", "cullface": "north"},
				"west": {"uv": [4, 10, 5, 11], "texture": "#1", "cullface": "north"},
				"up": {"uv": [4, 10, 5, 11], "rotation": 180, "texture": "#1", "cullface": "north"}
			}
		},
		{
			"from": [5, 5, -0.5],
			"to": [8, 6, 0],
			"faces": {
				"north": {"uv": [8, 10, 11, 11], "texture": "#1", "cullface": "north"},
				"east": {"uv": [8, 10, 9, 11], "texture": "#1", "cullface": "north"},
				"west": {"uv": [10, 10, 11, 11], "texture": "#1", "cullface": "north"},
				"down": {"uv": [8, 10, 11, 11], "rotation": 180, "texture": "#1", "cullface": "north"}
			}
		},
		{
			"from": [4, 6, -0.5],
			"to": [9, 7, 0],
			"faces": {
				"north": {"uv": [7, 9, 12, 10], "texture": "#1", "cullface": "north"},
				"east": {"uv": [7, 9, 8, 10], "texture": "#1", "cullface": "north"},
				"west": {"uv": [11, 9, 12, 10], "texture": "#1", "cullface": "north"},
				"up": {"uv": [7, 9, 12, 10], "rotation": 180, "texture": "#1", "cullface": "north"},
				"down": {"uv": [7, 9, 12, 10], "rotation": 180, "texture": "#1", "cullface": "north"}
			}
		},
		{
			"from": [8, 7, -0.5],
			"to": [9, 8, 0],
			"faces": {
				"north": {"uv": [7, 8, 8, 9], "texture": "#1", "cullface": "north"},
				"east": {"uv": [7, 8, 8, 9], "texture": "#1", "cullface": "north"},
				"west": {"uv": [7, 8, 8, 9], "texture": "#1", "cullface": "north"},
				"up": {"uv": [7, 8, 8, 9], "rotation": 180, "texture": "#1", "cullface": "north"}
			}
		},
		{
			"from": [4, 7, -0.5],
			"to": [7, 8, 0],
			"faces": {
				"north": {"uv": [9, 8, 12, 9], "texture": "#1", "cullface": "north"},
				"east": {"uv": [9, 8, 10, 9], "texture": "#1", "cullface": "north"},
				"west": {"uv": [11, 8, 12, 9], "texture": "#1", "cullface": "north"},
				"up": {"uv": [9, 8, 12, 9], "rotation": 180, "texture": "#1", "cullface": "north"}
			}
		},
		{
			"from": [16, 1, 9],
			"to": [16.5, 3, 12],
			"faces": {
				"north": {"uv": [6, 13, 7, 15], "texture": "#1", "cullface": "east"},
				"east": {"uv": [4, 13, 7, 15], "texture": "#1", "cullface": "east"},
				"south": {"uv": [4, 13, 5, 15], "texture": "#1", "cullface": "east"},
				"up": {"uv": [4, 13, 7, 14], "rotation": 270, "texture": "#1", "cullface": "east"},
				"down": {"uv": [4, 14, 7, 15], "rotation": 90, "texture": "#1", "cullface": "east"}
			}
		},
		{
			"from": [16, 2, 5],
			"to": [16.5, 4, 8],
			"faces": {
				"north": {"uv": [10, 12, 11, 14], "texture": "#1", "cullface": "east"},
				"east": {"uv": [8, 12, 11, 14], "texture": "#1", "cullface": "east"},
				"south": {"uv": [8, 12, 9, 14], "texture": "#1", "cullface": "east"},
				"up": {"uv": [8, 12, 11, 13], "rotation": 270, "texture": "#1", "cullface": "east"},
				"down": {"uv": [8, 13, 11, 14], "rotation": 90, "texture": "#1", "cullface": "east"}
			}
		},
		{
			"from": [16, 3, 1],
			"to": [16.5, 7, 3],
			"faces": {
				"north": {"uv": [14, 9, 15, 13], "texture": "#1", "cullface": "east"},
				"east": {"uv": [13, 9, 15, 13], "texture": "#1", "cullface": "east"},
				"south": {"uv": [13, 9, 14, 13], "texture": "#1", "cullface": "east"},
				"up": {"uv": [13, 9, 15, 10], "rotation": 270, "texture": "#1", "cullface": "east"},
				"down": {"uv": [13, 12, 15, 13], "rotation": 90, "texture": "#1", "cullface": "east"}
			}
		},
		{
			"from": [16, 9, 4],
			"to": [16.5, 11, 6],
			"faces": {
				"north": {"uv": [11, 5, 12, 7], "texture": "#1", "cullface": "east"},
				"east": {"uv": [10, 5, 12, 7], "texture": "#1", "cullface": "east"},
				"south": {"uv": [10, 5, 11, 7], "texture": "#1", "cullface": "east"},
				"up": {"uv": [10, 5, 12, 6], "rotation": 270, "texture": "#1", "cullface": "east"},
				"down": {"uv": [10, 6, 12, 7], "rotation": 90, "texture": "#1", "cullface": "east"}
			}
		},
		{
			"from": [16, 13, 2],
			"to": [16.5, 14, 4],
			"faces": {
				"north": {"uv": [13, 2, 14, 3], "texture": "#1", "cullface": "east"},
				"east": {"uv": [12, 2, 14, 3], "texture": "#1", "cullface": "east"},
				"south": {"uv": [12, 2, 13, 3], "texture": "#1", "cullface": "east"},
				"up": {"uv": [12, 2, 14, 3], "rotation": 270, "texture": "#1", "cullface": "east"},
				"down": {"uv": [12, 2, 14, 3], "rotation": 90, "texture": "#1", "cullface": "east"}
			}
		},
		{
			"from": [16, 12, 7],
			"to": [16.5, 13, 9],
			"faces": {
				"north": {"uv": [8, 3, 9, 4], "texture": "#1", "cullface": "east"},
				"east": {"uv": [7, 3, 9, 4], "texture": "#1", "cullface": "east"},
				"south": {"uv": [7, 3, 8, 4], "texture": "#1", "cullface": "east"},
				"up": {"uv": [7, 3, 9, 4], "rotation": 270, "texture": "#1", "cullface": "east"},
				"down": {"uv": [7, 3, 9, 4], "rotation": 90, "texture": "#1", "cullface": "east"}
			}
		},
		{
			"from": [16, 13, 10],
			"to": [16.5, 14, 14],
			"faces": {
				"north": {"uv": [5, 2, 6, 3], "texture": "#1", "cullface": "east"},
				"east": {"uv": [2, 2, 6, 3], "texture": "#1", "cullface": "east"},
				"south": {"uv": [2, 2, 3, 3], "texture": "#1", "cullface": "east"},
				"up": {"uv": [2, 2, 6, 3], "rotation": 270, "texture": "#1", "cullface": "east"},
				"down": {"uv": [2, 2, 6, 3], "rotation": 90, "texture": "#1", "cullface": "east"}
			}
		},
		{
			"from": [16, 9, 8],
			"to": [16.5, 10, 13],
			"faces": {
				"north": {"uv": [7, 6, 8, 7], "texture": "#1", "cullface": "east"},
				"east": {"uv": [3, 6, 8, 7], "texture": "#1", "cullface": "east"},
				"south": {"uv": [3, 6, 4, 7], "texture": "#1", "cullface": "east"},
				"up": {"uv": [3, 6, 8, 7], "rotation": 270, "texture": "#1", "cullface": "east"},
				"down": {"uv": [3, 6, 8, 7], "rotation": 90, "texture": "#1", "cullface": "east"}
			}
		},
		{
			"from": [16, 10, 9],
			"to": [16.5, 11, 11],
			"faces": {
				"north": {"uv": [6, 5, 7, 6], "texture": "#1", "cullface": "east"},
				"east": {"uv": [5, 5, 7, 6], "texture": "#1", "cullface": "east"},
				"south": {"uv": [5, 5, 6, 6], "texture": "#1", "cullface": "east"},
				"up": {"uv": [5, 5, 7, 6], "rotation": 270, "texture": "#1", "cullface": "east"}
			}
		},
		{
			"from": [16, 4, 11],
			"to": [16.5, 5, 14],
			"faces": {
				"north": {"uv": [4, 11, 5, 12], "texture": "#1", "cullface": "east"},
				"east": {"uv": [2, 11, 5, 12], "texture": "#1", "cullface": "east"},
				"south": {"uv": [2, 11, 3, 12], "texture": "#1", "cullface": "east"},
				"up": {"uv": [2, 11, 5, 12], "rotation": 270, "texture": "#1", "cullface": "east"},
				"down": {"uv": [2, 11, 5, 12], "rotation": 90, "texture": "#1", "cullface": "east"}
			}
		},
		{
			"from": [16, 7, 13],
			"to": [16.5, 9, 15],
			"faces": {
				"north": {"uv": [2, 7, 3, 9], "texture": "#1", "cullface": "east"},
				"east": {"uv": [1, 7, 3, 9], "texture": "#1", "cullface": "east"},
				"south": {"uv": [1, 7, 2, 9], "texture": "#1", "cullface": "east"},
				"up": {"uv": [1, 7, 3, 8], "rotation": 270, "texture": "#1", "cullface": "east"},
				"down": {"uv": [1, 8, 3, 9], "rotation": 90, "texture": "#1", "cullface": "east"}
			}
		},
		{
			"from": [16, 12, 10],
			"to": [16.5, 13, 11],
			"faces": {
				"north": {"uv": [5, 3, 6, 4], "texture": "#1", "cullface": "east"},
				"east": {"uv": [5, 3, 6, 4], "texture": "#1", "cullface": "east"},
				"south": {"uv": [5, 3, 6, 4], "texture": "#1", "cullface": "east"},
				"down": {"uv": [5, 3, 6, 4], "rotation": 90, "texture": "#1", "cullface": "east"}
			}
		},
		{
			"from": [16, 3, 10],
			"to": [16.5, 4, 11],
			"faces": {
				"north": {"uv": [5, 12, 6, 13], "texture": "#1", "cullface": "east"},
				"east": {"uv": [5, 12, 6, 13], "texture": "#1", "cullface": "east"},
				"south": {"uv": [5, 12, 6, 13], "texture": "#1", "cullface": "east"},
				"up": {"uv": [5, 12, 6, 13], "rotation": 270, "texture": "#1", "cullface": "east"}
			}
		},
		{
			"from": [16, 5, 11],
			"to": [16.5, 6, 12],
			"faces": {
				"north": {"uv": [4, 10, 5, 11], "texture": "#1", "cullface": "east"},
				"east": {"uv": [4, 10, 5, 11], "texture": "#1", "cullface": "east"},
				"south": {"uv": [4, 10, 5, 11], "texture": "#1", "cullface": "east"},
				"up": {"uv": [4, 10, 5, 11], "rotation": 270, "texture": "#1", "cullface": "east"}
			}
		},
		{
			"from": [16, 5, 5],
			"to": [16.5, 6, 8],
			"faces": {
				"north": {"uv": [10, 10, 11, 11], "texture": "#1", "cullface": "east"},
				"east": {"uv": [8, 10, 11, 11], "texture": "#1", "cullface": "east"},
				"south": {"uv": [8, 10, 9, 11], "texture": "#1", "cullface": "east"},
				"down": {"uv": [8, 10, 11, 11], "rotation": 90, "texture": "#1", "cullface": "east"}
			}
		},
		{
			"from": [16, 6, 4],
			"to": [16.5, 7, 9],
			"faces": {
				"north": {"uv": [11, 9, 12, 10], "texture": "#1", "cullface": "east"},
				"east": {"uv": [7, 9, 12, 10], "texture": "#1", "cullface": "east"},
				"south": {"uv": [7, 9, 8, 10], "texture": "#1", "cullface": "east"},
				"up": {"uv": [7, 9, 12, 10], "rotation": 270, "texture": "#1", "cullface": "east"},
				"down": {"uv": [7, 9, 12, 10], "rotation": 90, "texture": "#1", "cullface": "east"}
			}
		},
		{
			"from": [16, 7, 8],
			"to": [16.5, 8, 9],
			"faces": {
				"north": {"uv": [7, 8, 8, 9], "texture": "#1", "cullface": "east"},
				"east": {"uv": [7, 8, 8, 9], "texture": "#1", "cullface": "east"},
				"south": {"uv": [7, 8, 8, 9], "texture": "#1", "cullface": "east"},
				"up": {"uv": [7, 8, 8, 9], "rotation": 270, "texture": "#1", "cullface": "east"}
			}
		},
		{
			"from": [16, 7, 4],
			"to": [16.5, 8, 7],
			"faces": {
				"north": {"uv": [11, 8, 12, 9], "texture": "#1", "cullface": "east"},
				"east": {"uv": [9, 8, 12, 9], "texture": "#1", "cullface": "east"},
				"south": {"uv": [9, 8, 10, 9], "texture": "#1", "cullface": "east"},
				"up": {"uv": [9, 8, 12, 9], "rotation": 270, "texture": "#1", "cullface": "east"}
			}
		},
		{
			"from": [4, 1, 16],
			"to": [7, 3, 16.5],
			"faces": {
				"east": {"uv": [6, 13, 7, 15], "texture": "#1", "cullface": "south"},
				"south": {"uv": [4, 13, 7, 15], "texture": "#1", "cullface": "south"},
				"west": {"uv": [4, 13, 5, 15], "texture": "#1", "cullface": "south"},
				"up": {"uv": [4, 13, 7, 14], "texture": "#1", "cullface": "south"},
				"down": {"uv": [4, 14, 7, 15], "texture": "#1", "cullface": "south"}
			}
		},
		{
			"from": [8, 2, 16],
			"to": [11, 4, 16.5],
			"faces": {
				"east": {"uv": [10, 12, 11, 14], "texture": "#1", "cullface": "south"},
				"south": {"uv": [8, 12, 11, 14], "texture": "#1", "cullface": "south"},
				"west": {"uv": [8, 12, 9, 14], "texture": "#1", "cullface": "south"},
				"up": {"uv": [8, 12, 11, 13], "texture": "#1", "cullface": "south"},
				"down": {"uv": [8, 13, 11, 14], "texture": "#1", "cullface": "south"}
			}
		},
		{
			"from": [13, 3, 16],
			"to": [15, 7, 16.5],
			"faces": {
				"east": {"uv": [14, 9, 15, 13], "texture": "#1", "cullface": "south"},
				"south": {"uv": [13, 9, 15, 13], "texture": "#1", "cullface": "south"},
				"west": {"uv": [13, 9, 14, 13], "texture": "#1", "cullface": "south"},
				"up": {"uv": [13, 9, 15, 10], "texture": "#1", "cullface": "south"},
				"down": {"uv": [13, 12, 15, 13], "texture": "#1", "cullface": "south"}
			}
		},
		{
			"from": [10, 9, 16],
			"to": [12, 11, 16.5],
			"faces": {
				"east": {"uv": [11, 5, 12, 7], "texture": "#1", "cullface": "south"},
				"south": {"uv": [10, 5, 12, 7], "texture": "#1", "cullface": "south"},
				"west": {"uv": [10, 5, 11, 7], "texture": "#1", "cullface": "south"},
				"up": {"uv": [10, 5, 12, 6], "texture": "#1", "cullface": "south"},
				"down": {"uv": [10, 6, 12, 7], "texture": "#1", "cullface": "south"}
			}
		},
		{
			"from": [12, 13, 16],
			"to": [14, 14, 16.5],
			"faces": {
				"east": {"uv": [13, 2, 14, 3], "texture": "#1", "cullface": "south"},
				"south": {"uv": [12, 2, 14, 3], "texture": "#1", "cullface": "south"},
				"west": {"uv": [12, 2, 13, 3], "texture": "#1", "cullface": "south"},
				"up": {"uv": [12, 2, 14, 3], "texture": "#1", "cullface": "south"},
				"down": {"uv": [12, 2, 14, 3], "texture": "#1", "cullface": "south"}
			}
		},
		{
			"from": [7, 12, 16],
			"to": [9, 13, 16.5],
			"faces": {
				"east": {"uv": [8, 3, 9, 4], "texture": "#1", "cullface": "south"},
				"south": {"uv": [7, 3, 9, 4], "texture": "#1", "cullface": "south"},
				"west": {"uv": [7, 3, 8, 4], "texture": "#1", "cullface": "south"},
				"up": {"uv": [7, 3, 9, 4], "texture": "#1", "cullface": "south"},
				"down": {"uv": [7, 3, 9, 4], "texture": "#1", "cullface": "south"}
			}
		},
		{
			"from": [2, 13, 16],
			"to": [6, 14, 16.5],
			"faces": {
				"east": {"uv": [5, 2, 6, 3], "texture": "#1", "cullface": "south"},
				"south": {"uv": [2, 2, 6, 3], "texture": "#1", "cullface": "south"},
				"west": {"uv": [2, 2, 3, 3], "texture": "#1", "cullface": "south"},
				"up": {"uv": [2, 2, 6, 3], "texture": "#1", "cullface": "south"},
				"down": {"uv": [2, 2, 6, 3], "texture": "#1", "cullface": "south"}
			}
		},
		{
			"from": [3, 9, 16],
			"to": [8, 10, 16.5],
			"faces": {
				"east": {"uv": [7, 6, 8, 7], "texture": "#1", "cullface": "south"},
				"south": {"uv": [3, 6, 8, 7], "texture": "#1", "cullface": "south"},
				"west": {"uv": [3, 6, 4, 7], "texture": "#1", "cullface": "south"},
				"up": {"uv": [3, 6, 8, 7], "texture": "#1", "cullface": "south"},
				"down": {"uv": [3, 6, 8, 7], "texture": "#1", "cullface": "south"}
			}
		},
		{
			"from": [5, 10, 16],
			"to": [7, 11, 16.5],
			"faces": {
				"east": {"uv": [6, 5, 7, 6], "texture": "#1", "cullface": "south"},
				"south": {"uv": [5, 5, 7, 6], "texture": "#1", "cullface": "south"},
				"west": {"uv": [5, 5, 6, 6], "texture": "#1", "cullface": "south"},
				"up": {"uv": [5, 5, 7, 6], "texture": "#1", "cullface": "south"}
			}
		},
		{
			"from": [2, 4, 16],
			"to": [5, 5, 16.5],
			"faces": {
				"east": {"uv": [4, 11, 5, 12], "texture": "#1", "cullface": "south"},
				"south": {"uv": [2, 11, 5, 12], "texture": "#1", "cullface": "south"},
				"west": {"uv": [2, 11, 3, 12], "texture": "#1", "cullface": "south"},
				"up": {"uv": [2, 11, 5, 12], "texture": "#1", "cullface": "south"},
				"down": {"uv": [2, 11, 5, 12], "texture": "#1", "cullface": "south"}
			}
		},
		{
			"from": [1, 7, 16],
			"to": [3, 9, 16.5],
			"faces": {
				"east": {"uv": [2, 7, 3, 9], "texture": "#1", "cullface": "south"},
				"south": {"uv": [1, 7, 3, 9], "texture": "#1", "cullface": "south"},
				"west": {"uv": [1, 7, 2, 9], "texture": "#1", "cullface": "south"},
				"up": {"uv": [1, 7, 3, 8], "texture": "#1", "cullface": "south"},
				"down": {"uv": [1, 8, 3, 9], "texture": "#1", "cullface": "south"}
			}
		},
		{
			"from": [5, 12, 16],
			"to": [6, 13, 16.5],
			"faces": {
				"east": {"uv": [5, 3, 6, 4], "texture": "#1", "cullface": "south"},
				"south": {"uv": [5, 3, 6, 4], "texture": "#1", "cullface": "south"},
				"west": {"uv": [5, 3, 6, 4], "texture": "#1", "cullface": "south"},
				"down": {"uv": [5, 3, 6, 4], "texture": "#1", "cullface": "south"}
			}
		},
		{
			"from": [5, 3, 16],
			"to": [6, 4, 16.5],
			"faces": {
				"east": {"uv": [5, 12, 6, 13], "texture": "#1", "cullface": "south"},
				"south": {"uv": [5, 12, 6, 13], "texture": "#1", "cullface": "south"},
				"west": {"uv": [5, 12, 6, 13], "texture": "#1", "cullface": "south"},
				"up": {"uv": [5, 12, 6, 13], "texture": "#1", "cullface": "south"}
			}
		},
		{
			"from": [4, 5, 16],
			"to": [5, 6, 16.5],
			"faces": {
				"east": {"uv": [4, 10, 5, 11], "texture": "#1", "cullface": "south"},
				"south": {"uv": [4, 10, 5, 11], "texture": "#1", "cullface": "south"},
				"west": {"uv": [4, 10, 5, 11], "texture": "#1", "cullface": "south"},
				"up": {"uv": [4, 10, 5, 11], "texture": "#1", "cullface": "south"}
			}
		},
		{
			"from": [8, 5, 16],
			"to": [11, 6, 16.5],
			"faces": {
				"east": {"uv": [10, 10, 11, 11], "texture": "#1", "cullface": "south"},
				"south": {"uv": [8, 10, 11, 11], "texture": "#1", "cullface": "south"},
				"west": {"uv": [8, 10, 9, 11], "texture": "#1", "cullface": "south"},
				"down": {"uv": [8, 10, 11, 11], "texture": "#1", "cullface": "south"}
			}
		},
		{
			"from": [7, 6, 16],
			"to": [12, 7, 16.5],
			"faces": {
				"east": {"uv": [11, 9, 12, 10], "texture": "#1", "cullface": "south"},
				"south": {"uv": [7, 9, 12, 10], "texture": "#1", "cullface": "south"},
				"west": {"uv": [7, 9, 8, 10], "texture": "#1", "cullface": "south"},
				"up": {"uv": [7, 9, 12, 10], "texture": "#1", "cullface": "south"},
				"down": {"uv": [7, 9, 12, 10], "texture": "#1", "cullface": "south"}
			}
		},
		{
			"from": [7, 7, 16],
			"to": [8, 8, 16.5],
			"faces": {
				"east": {"uv": [7, 8, 8, 9], "texture": "#1", "cullface": "south"},
				"south": {"uv": [7, 8, 8, 9], "texture": "#1", "cullface": "south"},
				"west": {"uv": [7, 8, 8, 9], "texture": "#1", "cullface": "south"},
				"up": {"uv": [7, 8, 8, 9], "texture": "#1", "cullface": "south"}
			}
		},
		{
			"from": [9, 7, 16],
			"to": [12, 8, 16.5],
			"faces": {
				"east": {"uv": [11, 8, 12, 9], "texture": "#1", "cullface": "south"},
				"south": {"uv": [9, 8, 12, 9], "texture": "#1", "cullface": "south"},
				"west": {"uv": [9, 8, 10, 9], "texture": "#1", "cullface": "south"},
				"up": {"uv": [9, 8, 12, 9], "texture": "#1", "cullface": "south"}
			}
		},
		{
			"from": [-0.5, 1, 4],
			"to": [0, 3, 7],
			"faces": {
				"north": {"uv": [4, 13, 5, 15], "texture": "#1", "cullface": "west"},
				"south": {"uv": [6, 13, 7, 15], "texture": "#1", "cullface": "west"},
				"west": {"uv": [4, 13, 7, 15], "texture": "#1", "cullface": "west"},
				"up": {"uv": [4, 13, 7, 14], "rotation": 90, "texture": "#1", "cullface": "west"},
				"down": {"uv": [4, 14, 7, 15], "rotation": 270, "texture": "#1", "cullface": "west"}
			}
		},
		{
			"from": [-0.5, 2, 8],
			"to": [0, 4, 11],
			"faces": {
				"north": {"uv": [8, 12, 9, 14], "texture": "#1", "cullface": "west"},
				"south": {"uv": [10, 12, 11, 14], "texture": "#1", "cullface": "west"},
				"west": {"uv": [8, 12, 11, 14], "texture": "#1", "cullface": "west"},
				"up": {"uv": [8, 12, 11, 13], "rotation": 90, "texture": "#1", "cullface": "west"},
				"down": {"uv": [8, 13, 11, 14], "rotation": 270, "texture": "#1", "cullface": "west"}
			}
		},
		{
			"from": [-0.5, 3, 13],
			"to": [0, 7, 15],
			"faces": {
				"north": {"uv": [13, 9, 14, 13], "texture": "#1", "cullface": "west"},
				"south": {"uv": [14, 9, 15, 13], "texture": "#1", "cullface": "west"},
				"west": {"uv": [13, 9, 15, 13], "texture": "#1", "cullface": "west"},
				"up": {"uv": [13, 9, 15, 10], "rotation": 90, "texture": "#1", "cullface": "west"},
				"down": {"uv": [13, 12, 15, 13], "rotation": 270, "texture": "#1", "cullface": "west"}
			}
		},
		{
			"from": [-0.5, 9, 10],
			"to": [0, 11, 12],
			"faces": {
				"north": {"uv": [10, 5, 11, 7], "texture": "#1", "cullface": "west"},
				"south": {"uv": [11, 5, 12, 7], "texture": "#1", "cullface": "west"},
				"west": {"uv": [10, 5, 12, 7], "texture": "#1", "cullface": "west"},
				"up": {"uv": [10, 5, 12, 6], "rotation": 90, "texture": "#1", "cullface": "west"},
				"down": {"uv": [10, 6, 12, 7], "rotation": 270, "texture": "#1", "cullface": "west"}
			}
		},
		{
			"from": [-0.5, 13, 12],
			"to": [0, 14, 14],
			"faces": {
				"north": {"uv": [12, 2, 13, 3], "texture": "#1", "cullface": "west"},
				"south": {"uv": [13, 2, 14, 3], "texture": "#1", "cullface": "west"},
				"west": {"uv": [12, 2, 14, 3], "texture": "#1", "cullface": "west"},
				"up": {"uv": [12, 2, 14, 3], "rotation": 90, "texture": "#1", "cullface": "west"},
				"down": {"uv": [12, 2, 14, 3], "rotation": 270, "texture": "#1", "cullface": "west"}
			}
		},
		{
			"from": [-0.5, 12, 7],
			"to": [0, 13, 9],
			"faces": {
				"north": {"uv": [7, 3, 8, 4], "texture": "#1", "cullface": "west"},
				"south": {"uv": [8, 3, 9, 4], "texture": "#1", "cullface": "west"},
				"west": {"uv": [7, 3, 9, 4], "texture": "#1", "cullface": "west"},
				"up": {"uv": [7, 3, 9, 4], "rotation": 90, "texture": "#1", "cullface": "west"},
				"down": {"uv": [7, 3, 9, 4], "rotation": 270, "texture": "#1", "cullface": "west"}
			}
		},
		{
			"from": [-0.5, 13, 2],
			"to": [0, 14, 6],
			"faces": {
				"north": {"uv": [2, 2, 3, 3], "texture": "#1", "cullface": "west"},
				"south": {"uv": [5, 2, 6, 3], "texture": "#1", "cullface": "west"},
				"west": {"uv": [2, 2, 6, 3], "texture": "#1", "cullface": "west"},
				"up": {"uv": [2, 2, 6, 3], "rotation": 90, "texture": "#1", "cullface": "west"},
				"down": {"uv": [2, 2, 6, 3], "rotation": 270, "texture": "#1", "cullface": "west"}
			}
		},
		{
			"from": [-0.5, 9, 3],
			"to": [0, 10, 8],
			"faces": {
				"north": {"uv": [3, 6, 4, 7], "texture": "#1", "cullface": "west"},
				"south": {"uv": [7, 6, 8, 7], "texture": "#1", "cullface": "west"},
				"west": {"uv": [3, 6, 8, 7], "texture": "#1", "cullface": "west"},
				"up": {"uv": [3, 6, 8, 7], "rotation": 90, "texture": "#1", "cullface": "west"},
				"down": {"uv": [3, 6, 8, 7], "rotation": 270, "texture": "#1", "cullface": "west"}
			}
		},
		{
			"from": [-0.5, 10, 5],
			"to": [0, 11, 7],
			"faces": {
				"north": {"uv": [5, 5, 6, 6], "texture": "#1", "cullface": "west"},
				"south": {"uv": [6, 5, 7, 6], "texture": "#1", "cullface": "west"},
				"west": {"uv": [5, 5, 7, 6], "texture": "#1", "cullface": "west"},
				"up": {"uv": [5, 5, 7, 6], "rotation": 90, "texture": "#1", "cullface": "west"}
			}
		},
		{
			"from": [-0.5, 4, 2],
			"to": [0, 5, 5],
			"faces": {
				"north": {"uv": [2, 11, 3, 12], "texture": "#1", "cullface": "west"},
				"south": {"uv": [4, 11, 5, 12], "texture": "#1", "cullface": "west"},
				"west": {"uv": [2, 11, 5, 12], "texture": "#1", "cullface": "west"},
				"up": {"uv": [2, 11, 5, 12], "rotation": 90, "texture": "#1", "cullface": "west"},
				"down": {"uv": [2, 11, 5, 12], "rotation": 270, "texture": "#1", "cullface": "west"}
			}
		},
		{
			"from": [-0.5, 7, 1],
			"to": [0, 9, 3],
			"faces": {
				"north": {"uv": [1, 7, 2, 9], "texture": "#1", "cullface": "west"},
				"south": {"uv": [2, 7, 3, 9], "texture": "#1", "cullface": "west"},
				"west": {"uv": [1, 7, 3, 9], "texture": "#1", "cullface": "west"},
				"up": {"uv": [1, 7, 3, 8], "rotation": 90, "texture": "#1", "cullface": "west"},
				"down": {"uv": [1, 8, 3, 9], "rotation": 270, "texture": "#1", "cullface": "west"}
			}
		},
		{
			"from": [-0.5, 12, 5],
			"to": [0, 13, 6],
			"faces": {
				"north": {"uv": [5, 3, 6, 4], "texture": "#1", "cullface": "west"},
				"south": {"uv": [5, 3, 6, 4], "texture": "#1", "cullface": "west"},
				"west": {"uv": [5, 3, 6, 4], "texture": "#1", "cullface": "west"},
				"down": {"uv": [5, 3, 6, 4], "rotation": 270, "texture": "#1", "cullface": "west"}
			}
		},
		{
			"from": [-0.5, 3, 5],
			"to": [0, 4, 6],
			"faces": {
				"north": {"uv": [5, 12, 6, 13], "texture": "#1", "cullface": "west"},
				"south": {"uv": [5, 12, 6, 13], "texture": "#1", "cullface": "west"},
				"west": {"uv": [5, 12, 6, 13], "texture": "#1", "cullface": "west"},
				"up": {"uv": [5, 12, 6, 13], "rotation": 90, "texture": "#1", "cullface": "west"}
			}
		},
		{
			"from": [-0.5, 5, 4],
			"to": [0, 6, 5],
			"faces": {
				"north": {"uv": [4, 10, 5, 11], "texture": "#1", "cullface": "west"},
				"south": {"uv": [4, 10, 5, 11], "texture": "#1", "cullface": "west"},
				"west": {"uv": [4, 10, 5, 11], "texture": "#1", "cullface": "west"},
				"up": {"uv": [4, 10, 5, 11], "rotation": 90, "texture": "#1", "cullface": "west"}
			}
		},
		{
			"from": [-0.5, 5, 8],
			"to": [0, 6, 11],
			"faces": {
				"north": {"uv": [8, 10, 9, 11], "texture": "#1", "cullface": "west"},
				"south": {"uv": [10, 10, 11, 11], "texture": "#1", "cullface": "west"},
				"west": {"uv": [8, 10, 11, 11], "texture": "#1", "cullface": "west"},
				"down": {"uv": [8, 10, 11, 11], "rotation": 270, "texture": "#1", "cullface": "west"}
			}
		},
		{
			"from": [-0.5, 6, 7],
			"to": [0, 7, 12],
			"faces": {
				"north": {"uv": [7, 9, 8, 10], "texture": "#1", "cullface": "west"},
				"south": {"uv": [11, 9, 12, 10], "texture": "#1", "cullface": "west"},
				"west": {"uv": [7, 9, 12, 10], "texture": "#1", "cullface": "west"},
				"up": {"uv": [7, 9, 12, 10], "rotation": 90, "texture": "#1", "cullface": "west"},
				"down": {"uv": [7, 9, 12, 10], "rotation": 270, "texture": "#1", "cullface": "west"}
			}
		},
		{
			"from": [-0.5, 7, 7],
			"to": [0, 8, 8],
			"faces": {
				"north": {"uv": [7, 8, 8, 9], "texture": "#1", "cullface": "west"},
				"south": {"uv": [7, 8, 8, 9], "texture": "#1", "cullface": "west"},
				"west": {"uv": [7, 8, 8, 9], "texture": "#1", "cullface": "west"},
				"up": {"uv": [7, 8, 8, 9], "rotation": 90, "texture": "#1", "cullface": "west"}
			}
		},
		{
			"from": [-0.5, 7, 9],
			"to": [0, 8, 12],
			"faces": {
				"north": {"uv": [9, 8, 10, 9], "texture": "#1", "cullface": "west"},
				"south": {"uv": [11, 8, 12, 9], "texture": "#1", "cullface": "west"},
				"west": {"uv": [9, 8, 12, 9], "texture": "#1", "cullface": "west"},
				"up": {"uv": [9, 8, 12, 9], "rotation": 90, "texture": "#1", "cullface": "west"}
			}
		},
		{
			"from": [4, 16, 13],
			"to": [7, 16.5, 15],
			"faces": {
				"north": {"uv": [4, 13, 7, 14], "rotation": 180, "texture": "#1", "cullface": "up"},
				"east": {"uv": [6, 13, 7, 15], "rotation": 90, "texture": "#1", "cullface": "up"},
				"south": {"uv": [4, 14, 7, 15], "texture": "#1", "cullface": "up"},
				"west": {"uv": [4, 13, 5, 15], "rotation": 270, "texture": "#1", "cullface": "up"},
				"up": {"uv": [4, 13, 7, 15], "texture": "#1", "cullface": "up"}
			}
		},
		{
			"from": [8, 16, 12],
			"to": [11, 16.5, 14],
			"faces": {
				"north": {"uv": [8, 12, 11, 13], "rotation": 180, "texture": "#1", "cullface": "up"},
				"east": {"uv": [10, 12, 11, 14], "rotation": 90, "texture": "#1", "cullface": "up"},
				"south": {"uv": [8, 13, 11, 14], "texture": "#1", "cullface": "up"},
				"west": {"uv": [8, 12, 9, 14], "rotation": 270, "texture": "#1", "cullface": "up"},
				"up": {"uv": [8, 12, 11, 14], "texture": "#1", "cullface": "up"}
			}
		},
		{
			"from": [13, 16, 9],
			"to": [15, 16.5, 13],
			"faces": {
				"north": {"uv": [13, 9, 15, 10], "rotation": 180, "texture": "#1", "cullface": "up"},
				"east": {"uv": [14, 9, 15, 13], "rotation": 90, "texture": "#1", "cullface": "up"},
				"south": {"uv": [13, 12, 15, 13], "texture": "#1", "cullface": "up"},
				"west": {"uv": [13, 9, 14, 13], "rotation": 270, "texture": "#1", "cullface": "up"},
				"up": {"uv": [13, 9, 15, 13], "texture": "#1", "cullface": "up"}
			}
		},
		{
			"from": [10, 16, 5],
			"to": [12, 16.5, 7],
			"faces": {
				"north": {"uv": [10, 5, 12, 6], "rotation": 180, "texture": "#1", "cullface": "up"},
				"east": {"uv": [11, 5, 12, 7], "rotation": 90, "texture": "#1", "cullface": "up"},
				"south": {"uv": [10, 6, 12, 7], "texture": "#1", "cullface": "up"},
				"west": {"uv": [10, 5, 11, 7], "rotation": 270, "texture": "#1", "cullface": "up"},
				"up": {"uv": [10, 5, 12, 7], "texture": "#1", "cullface": "up"}
			}
		},
		{
			"from": [12, 16, 2],
			"to": [14, 16.5, 3],
			"faces": {
				"north": {"uv": [12, 2, 14, 3], "rotation": 180, "texture": "#1", "cullface": "up"},
				"east": {"uv": [13, 2, 14, 3], "rotation": 90, "texture": "#1", "cullface": "up"},
				"south": {"uv": [12, 2, 14, 3], "texture": "#1", "cullface": "up"},
				"west": {"uv": [12, 2, 13, 3], "rotation": 270, "texture": "#1", "cullface": "up"},
				"up": {"uv": [12, 2, 14, 3], "texture": "#1", "cullface": "up"}
			}
		},
		{
			"from": [7, 16, 3],
			"to": [9, 16.5, 4],
			"faces": {
				"north": {"uv": [7, 3, 9, 4], "rotation": 180, "texture": "#1", "cullface": "up"},
				"east": {"uv": [8, 3, 9, 4], "rotation": 90, "texture": "#1", "cullface": "up"},
				"south": {"uv": [7, 3, 9, 4], "texture": "#1", "cullface": "up"},
				"west": {"uv": [7, 3, 8, 4], "rotation": 270, "texture": "#1", "cullface": "up"},
				"up": {"uv": [7, 3, 9, 4], "texture": "#1", "cullface": "up"}
			}
		},
		{
			"from": [2, 16, 2],
			"to": [6, 16.5, 3],
			"faces": {
				"north": {"uv": [2, 2, 6, 3], "rotation": 180, "texture": "#1", "cullface": "up"},
				"east": {"uv": [5, 2, 6, 3], "rotation": 90, "texture": "#1", "cullface": "up"},
				"south": {"uv": [2, 2, 6, 3], "texture": "#1", "cullface": "up"},
				"west": {"uv": [2, 2, 3, 3], "rotation": 270, "texture": "#1", "cullface": "up"},
				"up": {"uv": [2, 2, 6, 3], "texture": "#1", "cullface": "up"}
			}
		},
		{
			"from": [3, 16, 6],
			"to": [8, 16.5, 7],
			"faces": {
				"north": {"uv": [3, 6, 8, 7], "rotation": 180, "texture": "#1", "cullface": "up"},
				"east": {"uv": [7, 6, 8, 7], "rotation": 90, "texture": "#1", "cullface": "up"},
				"south": {"uv": [3, 6, 8, 7], "texture": "#1", "cullface": "up"},
				"west": {"uv": [3, 6, 4, 7], "rotation": 270, "texture": "#1", "cullface": "up"},
				"up": {"uv": [3, 6, 8, 7], "texture": "#1", "cullface": "up"}
			}
		},
		{
			"from": [5, 16, 5],
			"to": [7, 16.5, 6],
			"faces": {
				"north": {"uv": [5, 5, 7, 6], "rotation": 180, "texture": "#1", "cullface": "up"},
				"east": {"uv": [6, 5, 7, 6], "rotation": 90, "texture": "#1", "cullface": "up"},
				"west": {"uv": [5, 5, 6, 6], "rotation": 270, "texture": "#1", "cullface": "up"},
				"up": {"uv": [5, 5, 7, 6], "texture": "#1", "cullface": "up"}
			}
		},
		{
			"from": [2, 16, 11],
			"to": [5, 16.5, 12],
			"faces": {
				"north": {"uv": [2, 11, 5, 12], "rotation": 180, "texture": "#1", "cullface": "up"},
				"east": {"uv": [4, 11, 5, 12], "rotation": 90, "texture": "#1", "cullface": "up"},
				"south": {"uv": [2, 11, 5, 12], "texture": "#1", "cullface": "up"},
				"west": {"uv": [2, 11, 3, 12], "rotation": 270, "texture": "#1", "cullface": "up"},
				"up": {"uv": [2, 11, 5, 12], "texture": "#1", "cullface": "up"}
			}
		},
		{
			"from": [1, 16, 7],
			"to": [3, 16.5, 9],
			"faces": {
				"north": {"uv": [1, 7, 3, 8], "rotation": 180, "texture": "#1", "cullface": "up"},
				"east": {"uv": [2, 7, 3, 9], "rotation": 90, "texture": "#1", "cullface": "up"},
				"south": {"uv": [1, 8, 3, 9], "texture": "#1", "cullface": "up"},
				"west": {"uv": [1, 7, 2, 9], "rotation": 270, "texture": "#1", "cullface": "up"},
				"up": {"uv": [1, 7, 3, 9], "texture": "#1", "cullface": "up"}
			}
		},
		{
			"from": [5, 16, 3],
			"to": [6, 16.5, 4],
			"faces": {
				"east": {"uv": [5, 3, 6, 4], "rotation": 90, "texture": "#1", "cullface": "up"},
				"south": {"uv": [5, 3, 6, 4], "texture": "#1", "cullface": "up"},
				"west": {"uv": [5, 3, 6, 4], "rotation": 270, "texture": "#1", "cullface": "up"},
				"up": {"uv": [5, 3, 6, 4], "texture": "#1", "cullface": "up"}
			}
		},
		{
			"from": [5, 16, 12],
			"to": [6, 16.5, 13],
			"faces": {
				"north": {"uv": [5, 12, 6, 13], "rotation": 180, "texture": "#1", "cullface": "up"},
				"east": {"uv": [5, 12, 6, 13], "rotation": 90, "texture": "#1", "cullface": "up"},
				"west": {"uv": [5, 12, 6, 13], "rotation": 270, "texture": "#1", "cullface": "up"},
				"up": {"uv": [5, 12, 6, 13], "texture": "#1", "cullface": "up"}
			}
		},
		{
			"from": [4, 16, 10],
			"to": [5, 16.5, 11],
			"faces": {
				"north": {"uv": [4, 10, 5, 11], "rotation": 180, "texture": "#1", "cullface": "up"},
				"east": {"uv": [4, 10, 5, 11], "rotation": 90, "texture": "#1", "cullface": "up"},
				"west": {"uv": [4, 10, 5, 11], "rotation": 270, "texture": "#1", "cullface": "up"},
				"up": {"uv": [4, 10, 5, 11], "texture": "#1", "cullface": "up"}
			}
		},
		{
			"from": [8, 16, 10],
			"to": [11, 16.5, 11],
			"faces": {
				"east": {"uv": [10, 10, 11, 11], "rotation": 90, "texture": "#1", "cullface": "up"},
				"south": {"uv": [8, 10, 11, 11], "texture": "#1", "cullface": "up"},
				"west": {"uv": [8, 10, 9, 11], "rotation": 270, "texture": "#1", "cullface": "up"},
				"up": {"uv": [8, 10, 11, 11], "texture": "#1", "cullface": "up"}
			}
		},
		{
			"from": [7, 16, 9],
			"to": [12, 16.5, 10],
			"faces": {
				"north": {"uv": [7, 9, 12, 10], "rotation": 180, "texture": "#1", "cullface": "up"},
				"east": {"uv": [11, 9, 12, 10], "rotation": 90, "texture": "#1", "cullface": "up"},
				"south": {"uv": [7, 9, 12, 10], "texture": "#1", "cullface": "up"},
				"west": {"uv": [7, 9, 8, 10], "rotation": 270, "texture": "#1", "cullface": "up"},
				"up": {"uv": [7, 9, 12, 10], "texture": "#1", "cullface": "up"}
			}
		},
		{
			"from": [7, 16, 8],
			"to": [8, 16.5, 9],
			"faces": {
				"north": {"uv": [7, 8, 8, 9], "rotation": 180, "texture": "#1", "cullface": "up"},
				"east": {"uv": [7, 8, 8, 9], "rotation": 90, "texture": "#1", "cullface": "up"},
				"west": {"uv": [7, 8, 8, 9], "rotation": 270, "texture": "#1", "cullface": "up"},
				"up": {"uv": [7, 8, 8, 9], "texture": "#1", "cullface": "up"}
			}
		},
		{
			"from": [9, 16, 8],
			"to": [12, 16.5, 9],
			"faces": {
				"north": {"uv": [9, 8, 12, 9], "rotation": 180, "texture": "#1", "cullface": "up"},
				"east": {"uv": [11, 8, 12, 9], "rotation": 90, "texture": "#1", "cullface": "up"},
				"west": {"uv": [9, 8, 10, 9], "rotation": 270, "texture": "#1", "cullface": "up"},
				"up": {"uv": [9, 8, 12, 9], "texture": "#1", "cullface": "up"}
			}
		},
		{
			"from": [4, -0.5, 1],
			"to": [7, 0, 3],
			"faces": {
				"north": {"uv": [4, 14, 7, 15], "rotation": 180, "texture": "#1", "cullface": "down"},
				"east": {"uv": [6, 13, 7, 15], "rotation": 270, "texture": "#1", "cullface": "down"},
				"south": {"uv": [4, 13, 7, 14], "texture": "#1", "cullface": "down"},
				"west": {"uv": [4, 13, 5, 15], "rotation": 90, "texture": "#1", "cullface": "down"},
				"down": {"uv": [4, 13, 7, 15], "texture": "#1", "cullface": "down"}
			}
		},
		{
			"from": [8, -0.5, 2],
			"to": [11, 0, 4],
			"faces": {
				"north": {"uv": [8, 13, 11, 14], "rotation": 180, "texture": "#1", "cullface": "down"},
				"east": {"uv": [10, 12, 11, 14], "rotation": 270, "texture": "#1", "cullface": "down"},
				"south": {"uv": [8, 12, 11, 13], "texture": "#1", "cullface": "down"},
				"west": {"uv": [8, 12, 9, 14], "rotation": 90, "texture": "#1", "cullface": "down"},
				"down": {"uv": [8, 12, 11, 14], "texture": "#1", "cullface": "down"}
			}
		},
		{
			"from": [13, -0.5, 3],
			"to": [15, 0, 7],
			"faces": {
				"north": {"uv": [13, 12, 15, 13], "rotation": 180, "texture": "#1", "cullface": "down"},
				"east": {"uv": [14, 9, 15, 13], "rotation": 270, "texture": "#1", "cullface": "down"},
				"south": {"uv": [13, 9, 15, 10], "texture": "#1", "cullface": "down"},
				"west": {"uv": [13, 9, 14, 13], "rotation": 90, "texture": "#1", "cullface": "down"},
				"down": {"uv": [13, 9, 15, 13], "texture": "#1", "cullface": "down"}
			}
		},
		{
			"from": [10, -0.5, 9],
			"to": [12, 0, 11],
			"faces": {
				"north": {"uv": [10, 6, 12, 7], "rotation": 180, "texture": "#1", "cullface": "down"},
				"east": {"uv": [11, 5, 12, 7], "rotation": 270, "texture": "#1", "cullface": "down"},
				"south": {"uv": [10, 5, 12, 6], "texture": "#1", "cullface": "down"},
				"west": {"uv": [10, 5, 11, 7], "rotation": 90, "texture": "#1", "cullface": "down"},
				"down": {"uv": [10, 5, 12, 7], "texture": "#1", "cullface": "down"}
			}
		},
		{
			"from": [12, -0.5, 13],
			"to": [14, 0, 14],
			"faces": {
				"north": {"uv": [12, 2, 14, 3], "rotation": 180, "texture": "#1", "cullface": "down"},
				"east": {"uv": [13, 2, 14, 3], "rotation": 270, "texture": "#1", "cullface": "down"},
				"south": {"uv": [12, 2, 14, 3], "texture": "#1", "cullface": "down"},
				"west": {"uv": [12, 2, 13, 3], "rotation": 90, "texture": "#1", "cullface": "down"},
				"down": {"uv": [12, 2, 14, 3], "texture": "#1", "cullface": "down"}
			}
		},
		{
			"from": [7, -0.5, 12],
			"to": [9, 0, 13],
			"faces": {
				"north": {"uv": [7, 3, 9, 4], "rotation": 180, "texture": "#1", "cullface": "down"},
				"east": {"uv": [8, 3, 9, 4], "rotation": 270, "texture": "#1", "cullface": "down"},
				"south": {"uv": [7, 3, 9, 4], "texture": "#1", "cullface": "down"},
				"west": {"uv": [7, 3, 8, 4], "rotation": 90, "texture": "#1", "cullface": "down"},
				"down": {"uv": [7, 3, 9, 4], "texture": "#1", "cullface": "down"}
			}
		},
		{
			"from": [2, -0.5, 13],
			"to": [6, 0, 14],
			"faces": {
				"north": {"uv": [2, 2, 6, 3], "rotation": 180, "texture": "#1", "cullface": "down"},
				"east": {"uv": [5, 2, 6, 3], "rotation": 270, "texture": "#1", "cullface": "down"},
				"south": {"uv": [2, 2, 6, 3], "texture": "#1", "cullface": "down"},
				"west": {"uv": [2, 2, 3, 3], "rotation": 90, "texture": "#1", "cullface": "down"},
				"down": {"uv": [2, 2, 6, 3], "texture": "#1", "cullface": "down"}
			}
		},
		{
			"from": [3, -0.5, 9],
			"to": [8, 0, 10],
			"faces": {
				"north": {"uv": [3, 6, 8, 7], "rotation": 180, "texture": "#1", "cullface": "down"},
				"east": {"uv": [7, 6, 8, 7], "rotation": 270, "texture": "#1", "cullface": "down"},
				"south": {"uv": [3, 6, 8, 7], "texture": "#1", "cullface": "down"},
				"west": {"uv": [3, 6, 4, 7], "rotation": 90, "texture": "#1", "cullface": "down"},
				"down": {"uv": [3, 6, 8, 7], "texture": "#1", "cullface": "down"}
			}
		},
		{
			"from": [5, -0.5, 10],
			"to": [7, 0, 11],
			"faces": {
				"east": {"uv": [6, 5, 7, 6], "rotation": 270, "texture": "#1", "cullface": "down"},
				"south": {"uv": [5, 5, 7, 6], "texture": "#1", "cullface": "down"},
				"west": {"uv": [5, 5, 6, 6], "rotation": 90, "texture": "#1", "cullface": "down"},
				"down": {"uv": [5, 5, 7, 6], "texture": "#1", "cullface": "down"}
			}
		},
		{
			"from": [2, -0.5, 4],
			"to": [5, 0, 5],
			"faces": {
				"north": {"uv": [2, 11, 5, 12], "rotation": 180, "texture": "#1", "cullface": "down"},
				"east": {"uv": [4, 11, 5, 12], "rotation": 270, "texture": "#1", "cullface": "down"},
				"south": {"uv": [2, 11, 5, 12], "texture": "#1", "cullface": "down"},
				"west": {"uv": [2, 11, 3, 12], "rotation": 90, "texture": "#1", "cullface": "down"},
				"down": {"uv": [2, 11, 5, 12], "texture": "#1", "cullface": "down"}
			}
		},
		{
			"from": [1, -0.5, 7],
			"to": [3, 0, 9],
			"faces": {
				"north": {"uv": [1, 8, 3, 9], "rotation": 180, "texture": "#1", "cullface": "down"},
				"east": {"uv": [2, 7, 3, 9], "rotation": 270, "texture": "#1", "cullface": "down"},
				"south": {"uv": [1, 7, 3, 8], "texture": "#1", "cullface": "down"},
				"west": {"uv": [1, 7, 2, 9], "rotation": 90, "texture": "#1", "cullface": "down"},
				"down": {"uv": [1, 7, 3, 9], "texture": "#1", "cullface": "down"}
			}
		},
		{
			"from": [5, -0.5, 12],
			"to": [6, 0, 13],
			"faces": {
				"north": {"uv": [5, 3, 6, 4], "rotation": 180, "texture": "#1", "cullface": "down"},
				"east": {"uv": [5, 3, 6, 4], "rotation": 270, "texture": "#1", "cullface": "down"},
				"west": {"uv": [5, 3, 6, 4], "rotation": 90, "texture": "#1", "cullface": "down"},
				"down": {"uv": [5, 3, 6, 4], "texture": "#1", "cullface": "down"}
			}
		},
		{
			"from": [5, -0.5, 3],
			"to": [6, 0, 4],
			"faces": {
				"east": {"uv": [5, 12, 6, 13], "rotation": 270, "texture": "#1", "cullface": "down"},
				"south": {"uv": [5, 12, 6, 13], "texture": "#1", "cullface": "down"},
				"west": {"uv": [5, 12, 6, 13], "rotation": 90, "texture": "#1", "cullface": "down"},
				"down": {"uv": [5, 12, 6, 13], "texture": "#1", "cullface": "down"}
			}
		},
		{
			"from": [4, -0.5, 5],
			"to": [5, 0, 6],
			"faces": {
				"east": {"uv": [4, 10, 5, 11], "rotation": 270, "texture": "#1", "cullface": "down"},
				"south": {"uv": [4, 10, 5, 11], "texture": "#1", "cullface": "down"},
				"west": {"uv": [4, 10, 5, 11], "rotation": 90, "texture": "#1", "cullface": "down"},
				"down": {"uv": [4, 10, 5, 11], "texture": "#1", "cullface": "down"}
			}
		},
		{
			"from": [8, -0.5, 5],
			"to": [11, 0, 6],
			"faces": {
				"north": {"uv": [8, 10, 11, 11], "rotation": 180, "texture": "#1", "cullface": "down"},
				"east": {"uv": [10, 10, 11, 11], "rotation": 270, "texture": "#1", "cullface": "down"},
				"west": {"uv": [8, 10, 9, 11], "rotation": 90, "texture": "#1", "cullface": "down"},
				"down": {"uv": [8, 10, 11, 11], "texture": "#1", "cullface": "down"}
			}
		},
		{
			"from": [7, -0.5, 6],
			"to": [12, 0, 7],
			"faces": {
				"north": {"uv": [7, 9, 12, 10], "rotation": 180, "texture": "#1", "cullface": "down"},
				"east": {"uv": [11, 9, 12, 10], "rotation": 270, "texture": "#1", "cullface": "down"},
				"south": {"uv": [7, 9, 12, 10], "texture": "#1", "cullface": "down"},
				"west": {"uv": [7, 9, 8, 10], "rotation": 90, "texture": "#1", "cullface": "down"},
				"down": {"uv": [7, 9, 12, 10], "texture": "#1", "cullface": "down"}
			}
		},
		{
			"from": [7, -0.5, 7],
			"to": [8, 0, 8],
			"faces": {
				"east": {"uv": [7, 8, 8, 9], "rotation": 270, "texture": "#1", "cullface": "down"},
				"south": {"uv": [7, 8, 8, 9], "texture": "#1", "cullface": "down"},
				"west": {"uv": [7, 8, 8, 9], "rotation": 90, "texture": "#1", "cullface": "down"},
				"down": {"uv": [7, 8, 8, 9], "texture": "#1", "cullface": "down"}
			}
		},
		{
			"from": [9, -0.5, 7],
			"to": [12, 0, 8],
			"faces": {
				"east": {"uv": [11, 8, 12, 9], "rotation": 270, "texture": "#1", "cullface": "down"},
				"south": {"uv": [9, 8, 12, 9], "texture": "#1", "cullface": "down"},
				"west": {"uv": [9, 8, 10, 9], "rotation": 90, "texture": "#1", "cullface": "down"},
				"down": {"uv": [9, 8, 12, 9], "texture": "#1", "cullface": "down"}
			}
		}
	],
	"groups": [0,
		{
			"name": "north",
			"origin": [8, 8, 8],
			"children": [1, 2, 3, 4, 5, 6, 7, 8, 9, 10, 11, 12, 13, 14, 15, 16, 17, 18]
		},
		{
			"name": "east",
			"origin": [8, 8, 8],
			"children": [19, 20, 21, 22, 23, 24, 25, 26, 27, 28, 29, 30, 31, 32, 33, 34, 35, 36]
		},
		{
			"name": "south",
			"origin": [8, 8, 8],
			"children": [37, 38, 39, 40, 41, 42, 43, 44, 45, 46, 47, 48, 49, 50, 51, 52, 53, 54]
		},
		{
			"name": "west",
			"origin": [8, 8, 8],
			"children": [55, 56, 57, 58, 59, 60, 61, 62, 63, 64, 65, 66, 67, 68, 69, 70, 71, 72]
		},
		{
			"name": "up",
			"origin": [8, 8, 8],
			"children": [73, 74, 75, 76, 77, 78, 79, 80, 81, 82, 83, 84, 85, 86, 87, 88, 89, 90]
		},
		{
			"name": "down",
			"origin": [8, 8, 8],
			"children": [91, 92, 93, 94, 95, 96, 97, 98, 99, 100, 101, 102, 103, 104, 105, 106, 107, 108]
		}
	]
}