{
  "model": {
    "type": "minecraft:select",
    "cases": [
      {
        "when": {
          "pattern": "sentry",
          "material": "redstone"
        },
        "model": {
          "type": "minecraft:model",
          "model": "minecraft:item/leather_chestplate/sentry/redstone",
          "tints": [
            {
              "type": "minecraft:dye",
              "default": -6265536
            }
          ]
        }
      },
      {
        "when": {
          "pattern": "vex",
          "material": "redstone"
        },
        "model": {
          "type": "minecraft:model",
          "model": "minecraft:item/leather_chestplate/vex/redstone",
          "tints": [
            {
              "type": "minecraft:dye",
              "default": -6265536
            }
          ]
        }
      },
      {
        "when": {
          "pattern": "wild",
          "material": "redstone"
        },
        "model": {
          "type": "minecraft:model",
          "model": "minecraft:item/leather_chestplate/wild/redstone",
          "tints": [
            {
              "type": "minecraft:dye",
              "default": -6265536
            }
          ]
        }
      },
      {
        "when": {
          "pattern": "coast",
          "material": "redstone"
        },
        "model": {
          "type": "minecraft:model",
          "model": "minecraft:item/leather_chestplate/coast/redstone",
          "tints": [
            {
              "type": "minecraft:dye",
              "default": -6265536
            }
          ]
        }
      },
      {
        "when": {
          "pattern": "dune",
          "material": "redstone"
        },
        "model": {
          "type": "minecraft:model",
          "model": "minecraft:item/leather_chestplate/dune/redstone",
          "tints": [
            {
              "type": "minecraft:dye",
              "default": -6265536
            }
          ]
        }
      },
      {
        "when": {
          "pattern": "wayfinder",
          "material": "redstone"
        },
        "model": {
          "type": "minecraft:model",
          "model": "minecraft:item/leather_chestplate/wayfinder/redstone",
          "tints": [
            {
              "type": "minecraft:dye",
              "default": -6265536
            }
          ]
        }
      },
      {
        "when": {
          "pattern": "raiser",
          "material": "redstone"
        },
        "model": {
          "type": "minecraft:model",
          "model": "minecraft:item/leather_chestplate/raiser/redstone",
          "tints": [
            {
              "type": "minecraft:dye",
              "default": -6265536
            }
          ]
        }
      },
      {
        "when": {
          "pattern": "shaper",
          "material": "redstone"
        },
        "model": {
          "type": "minecraft:model",
          "model": "minecraft:item/leather_chestplate/shaper/redstone",
          "tints": [
            {
              "type": "minecraft:dye",
              "default": -6265536
            }
          ]
        }
      },
      {
        "when": {
          "pattern": "host",
          "material": "redstone"
        },
        "model": {
          "type": "minecraft:model",
          "model": "minecraft:item/leather_chestplate/host/redstone",
          "tints": [
            {
              "type": "minecraft:dye",
              "default": -6265536
            }
          ]
        }
      },
      {
        "when": {
          "pattern": "ward",
          "material": "redstone"
        },
        "model": {
          "type": "minecraft:model",
          "model": "minecraft:item/leather_chestplate/ward/redstone",
          "tints": [
            {
              "type": "minecraft:dye",
              "default": -6265536
            }
          ]
        }
      },
      {
        "when": {
          "pattern": "silence",
          "material": "redstone"
        },
        "model": {
          "type": "minecraft:model",
          "model": "minecraft:item/leather_chestplate/silence/redstone",
          "tints": [
            {
              "type": "minecraft:dye",
              "default": -6265536
            }
          ]
        }
      },
      {
        "when": {
          "pattern": "tide",
          "material": "redstone"
        },
        "model": {
          "type": "minecraft:model",
          "model": "minecraft:item/leather_chestplate/tide/redstone",
          "tints": [
            {
              "type": "minecraft:dye",
              "default": -6265536
            }
          ]
        }
      },
      {
        "when": {
          "pattern": "snout",
          "material": "redstone"
        },
        "model": {
          "type": "minecraft:model",
          "model": "minecraft:item/leather_chestplate/snout/redstone",
          "tints": [
            {
              "type": "minecraft:dye",
              "default": -6265536
            }
          ]
        }
      },
      {
        "when": {
          "pattern": "rib",
          "material": "redstone"
        },
        "model": {
          "type": "minecraft:model",
          "model": "minecraft:item/leather_chestplate/rib/redstone",
          "tints": [
            {
              "type": "minecraft:dye",
              "default": -6265536
            }
          ]
        }
      },
      {
        "when": {
          "pattern": "eye",
          "material": "redstone"
        },
        "model": {
          "type": "minecraft:model",
          "model": "minecraft:item/leather_chestplate/eye/redstone",
          "tints": [
            {
              "type": "minecraft:dye",
              "default": -6265536
            }
          ]
        }
      },
      {
        "when": {
          "pattern": "spire",
          "material": "redstone"
        },
        "model": {
          "type": "minecraft:model",
          "model": "minecraft:item/leather_chestplate/spire/redstone",
          "tints": [
            {
              "type": "minecraft:dye",
              "default": -6265536
            }
          ]
        }
      },
      {
        "when": {
          "pattern": "bolt",
          "material": "redstone"
        },
        "model": {
          "type": "minecraft:model",
          "model": "minecraft:item/leather_chestplate/bolt/redstone",
          "tints": [
            {
              "type": "minecraft:dye",
              "default": -6265536
            }
          ]
        }
      },
      {
        "when": {
          "pattern": "flow",
          "material": "redstone"
        },
        "model": {
          "type": "minecraft:model",
          "model": "minecraft:item/leather_chestplate/flow/redstone",
          "tints": [
            {
              "type": "minecraft:dye",
              "default": -6265536
            }
          ]
        }
      },
      {
        "when": {
          "pattern": "sentry",
          "material": "copper"
        },
        "model": {
          "type": "minecraft:model",
          "model": "minecraft:item/leather_chestplate/sentry/copper",
          "tints": [
            {
              "type": "minecraft:dye",
              "default": -6265536
            }
          ]
        }
      },
      {
        "when": {
          "pattern": "vex",
          "material": "copper"
        },
        "model": {
          "type": "minecraft:model",
          "model": "minecraft:item/leather_chestplate/vex/copper",
          "tints": [
            {
              "type": "minecraft:dye",
              "default": -6265536
            }
          ]
        }
      },
      {
        "when": {
          "pattern": "wild",
          "material": "copper"
        },
        "model": {
          "type": "minecraft:model",
          "model": "minecraft:item/leather_chestplate/wild/copper",
          "tints": [
            {
              "type": "minecraft:dye",
              "default": -6265536
            }
          ]
        }
      },
      {
        "when": {
          "pattern": "coast",
          "material": "copper"
        },
        "model": {
          "type": "minecraft:model",
          "model": "minecraft:item/leather_chestplate/coast/copper",
          "tints": [
            {
              "type": "minecraft:dye",
              "default": -6265536
            }
          ]
        }
      },
      {
        "when": {
          "pattern": "dune",
          "material": "copper"
        },
        "model": {
          "type": "minecraft:model",
          "model": "minecraft:item/leather_chestplate/dune/copper",
          "tints": [
            {
              "type": "minecraft:dye",
              "default": -6265536
            }
          ]
        }
      },
      {
        "when": {
          "pattern": "wayfinder",
          "material": "copper"
        },
        "model": {
          "type": "minecraft:model",
          "model": "minecraft:item/leather_chestplate/wayfinder/copper",
          "tints": [
            {
              "type": "minecraft:dye",
              "default": -6265536
            }
          ]
        }
      },
      {
        "when": {
          "pattern": "raiser",
          "material": "copper"
        },
        "model": {
          "type": "minecraft:model",
          "model": "minecraft:item/leather_chestplate/raiser/copper",
          "tints": [
            {
              "type": "minecraft:dye",
              "default": -6265536
            }
          ]
        }
      },
      {
        "when": {
          "pattern": "shaper",
          "material": "copper"
        },
        "model": {
          "type": "minecraft:model",
          "model": "minecraft:item/leather_chestplate/shaper/copper",
          "tints": [
            {
              "type": "minecraft:dye",
              "default": -6265536
            }
          ]
        }
      },
      {
        "when": {
          "pattern": "host",
          "material": "copper"
        },
        "model": {
          "type": "minecraft:model",
          "model": "minecraft:item/leather_chestplate/host/copper",
          "tints": [
            {
              "type": "minecraft:dye",
              "default": -6265536
            }
          ]
        }
      },
      {
        "when": {
          "pattern": "ward",
          "material": "copper"
        },
        "model": {
          "type": "minecraft:model",
          "model": "minecraft:item/leather_chestplate/ward/copper",
          "tints": [
            {
              "type": "minecraft:dye",
              "default": -6265536
            }
          ]
        }
      },
      {
        "when": {
          "pattern": "silence",
          "material": "copper"
        },
        "model": {
          "type": "minecraft:model",
          "model": "minecraft:item/leather_chestplate/silence/copper",
          "tints": [
            {
              "type": "minecraft:dye",
              "default": -6265536
            }
          ]
        }
      },
      {
        "when": {
          "pattern": "tide",
          "material": "copper"
        },
        "model": {
          "type": "minecraft:model",
          "model": "minecraft:item/leather_chestplate/tide/copper",
          "tints": [
            {
              "type": "minecraft:dye",
              "default": -6265536
            }
          ]
        }
      },
      {
        "when": {
          "pattern": "snout",
          "material": "copper"
        },
        "model": {
          "type": "minecraft:model",
          "model": "minecraft:item/leather_chestplate/snout/copper",
          "tints": [
            {
              "type": "minecraft:dye",
              "default": -6265536
            }
          ]
        }
      },
      {
        "when": {
          "pattern": "rib",
          "material": "copper"
        },
        "model": {
          "type": "minecraft:model",
          "model": "minecraft:item/leather_chestplate/rib/copper",
          "tints": [
            {
              "type": "minecraft:dye",
              "default": -6265536
            }
          ]
        }
      },
      {
        "when": {
          "pattern": "eye",
          "material": "copper"
        },
        "model": {
          "type": "minecraft:model",
          "model": "minecraft:item/leather_chestplate/eye/copper",
          "tints": [
            {
              "type": "minecraft:dye",
              "default": -6265536
            }
          ]
        }
      },
      {
        "when": {
          "pattern": "spire",
          "material": "copper"
        },
        "model": {
          "type": "minecraft:model",
          "model": "minecraft:item/leather_chestplate/spire/copper",
          "tints": [
            {
              "type": "minecraft:dye",
              "default": -6265536
            }
          ]
        }
      },
      {
        "when": {
          "pattern": "bolt",
          "material": "copper"
        },
        "model": {
          "type": "minecraft:model",
          "model": "minecraft:item/leather_chestplate/bolt/copper",
          "tints": [
            {
              "type": "minecraft:dye",
              "default": -6265536
            }
          ]
        }
      },
      {
        "when": {
          "pattern": "flow",
          "material": "copper"
        },
        "model": {
          "type": "minecraft:model",
          "model": "minecraft:item/leather_chestplate/flow/copper",
          "tints": [
            {
              "type": "minecraft:dye",
              "default": -6265536
            }
          ]
        }
      },
      {
        "when": {
          "pattern": "sentry",
          "material": "gold"
        },
        "model": {
          "type": "minecraft:model",
          "model": "minecraft:item/leather_chestplate/sentry/gold",
          "tints": [
            {
              "type": "minecraft:dye",
              "default": -6265536
            }
          ]
        }
      },
      {
        "when": {
          "pattern": "vex",
          "material": "gold"
        },
        "model": {
          "type": "minecraft:model",
          "model": "minecraft:item/leather_chestplate/vex/gold",
          "tints": [
            {
              "type": "minecraft:dye",
              "default": -6265536
            }
          ]
        }
      },
      {
        "when": {
          "pattern": "wild",
          "material": "gold"
        },
        "model": {
          "type": "minecraft:model",
          "model": "minecraft:item/leather_chestplate/wild/gold",
          "tints": [
            {
              "type": "minecraft:dye",
              "default": -6265536
            }
          ]
        }
      },
      {
        "when": {
          "pattern": "coast",
          "material": "gold"
        },
        "model": {
          "type": "minecraft:model",
          "model": "minecraft:item/leather_chestplate/coast/gold",
          "tints": [
            {
              "type": "minecraft:dye",
              "default": -6265536
            }
          ]
        }
      },
      {
        "when": {
          "pattern": "dune",
          "material": "gold"
        },
        "model": {
          "type": "minecraft:model",
          "model": "minecraft:item/leather_chestplate/dune/gold",
          "tints": [
            {
              "type": "minecraft:dye",
              "default": -6265536
            }
          ]
        }
      },
      {
        "when": {
          "pattern": "wayfinder",
          "material": "gold"
        },
        "model": {
          "type": "minecraft:model",
          "model": "minecraft:item/leather_chestplate/wayfinder/gold",
          "tints": [
            {
              "type": "minecraft:dye",
              "default": -6265536
            }
          ]
        }
      },
      {
        "when": {
          "pattern": "raiser",
          "material": "gold"
        },
        "model": {
          "type": "minecraft:model",
          "model": "minecraft:item/leather_chestplate/raiser/gold",
          "tints": [
            {
              "type": "minecraft:dye",
              "default": -6265536
            }
          ]
        }
      },
      {
        "when": {
          "pattern": "shaper",
          "material": "gold"
        },
        "model": {
          "type": "minecraft:model",
          "model": "minecraft:item/leather_chestplate/shaper/gold",
          "tints": [
            {
              "type": "minecraft:dye",
              "default": -6265536
            }
          ]
        }
      },
      {
        "when": {
          "pattern": "host",
          "material": "gold"
        },
        "model": {
          "type": "minecraft:model",
          "model": "minecraft:item/leather_chestplate/host/gold",
          "tints": [
            {
              "type": "minecraft:dye",
              "default": -6265536
            }
          ]
        }
      },
      {
        "when": {
          "pattern": "ward",
          "material": "gold"
        },
        "model": {
          "type": "minecraft:model",
          "model": "minecraft:item/leather_chestplate/ward/gold",
          "tints": [
            {
              "type": "minecraft:dye",
              "default": -6265536
            }
          ]
        }
      },
      {
        "when": {
          "pattern": "silence",
          "material": "gold"
        },
        "model": {
          "type": "minecraft:model",
          "model": "minecraft:item/leather_chestplate/silence/gold",
          "tints": [
            {
              "type": "minecraft:dye",
              "default": -6265536
            }
          ]
        }
      },
      {
        "when": {
          "pattern": "tide",
          "material": "gold"
        },
        "model": {
          "type": "minecraft:model",
          "model": "minecraft:item/leather_chestplate/tide/gold",
          "tints": [
            {
              "type": "minecraft:dye",
              "default": -6265536
            }
          ]
        }
      },
      {
        "when": {
          "pattern": "snout",
          "material": "gold"
        },
        "model": {
          "type": "minecraft:model",
          "model": "minecraft:item/leather_chestplate/snout/gold",
          "tints": [
            {
              "type": "minecraft:dye",
              "default": -6265536
            }
          ]
        }
      },
      {
        "when": {
          "pattern": "rib",
          "material": "gold"
        },
        "model": {
          "type": "minecraft:model",
          "model": "minecraft:item/leather_chestplate/rib/gold",
          "tints": [
            {
              "type": "minecraft:dye",
              "default": -6265536
            }
          ]
        }
      },
      {
        "when": {
          "pattern": "eye",
          "material": "gold"
        },
        "model": {
          "type": "minecraft:model",
          "model": "minecraft:item/leather_chestplate/eye/gold",
          "tints": [
            {
              "type": "minecraft:dye",
              "default": -6265536
            }
          ]
        }
      },
      {
        "when": {
          "pattern": "spire",
          "material": "gold"
        },
        "model": {
          "type": "minecraft:model",
          "model": "minecraft:item/leather_chestplate/spire/gold",
          "tints": [
            {
              "type": "minecraft:dye",
              "default": -6265536
            }
          ]
        }
      },
      {
        "when": {
          "pattern": "bolt",
          "material": "gold"
        },
        "model": {
          "type": "minecraft:model",
          "model": "minecraft:item/leather_chestplate/bolt/gold",
          "tints": [
            {
              "type": "minecraft:dye",
              "default": -6265536
            }
          ]
        }
      },
      {
        "when": {
          "pattern": "flow",
          "material": "gold"
        },
        "model": {
          "type": "minecraft:model",
          "model": "minecraft:item/leather_chestplate/flow/gold",
          "tints": [
            {
              "type": "minecraft:dye",
              "default": -6265536
            }
          ]
        }
      },
      {
        "when": {
          "pattern": "sentry",
          "material": "emerald"
        },
        "model": {
          "type": "minecraft:model",
          "model": "minecraft:item/leather_chestplate/sentry/emerald",
          "tints": [
            {
              "type": "minecraft:dye",
              "default": -6265536
            }
          ]
        }
      },
      {
        "when": {
          "pattern": "vex",
          "material": "emerald"
        },
        "model": {
          "type": "minecraft:model",
          "model": "minecraft:item/leather_chestplate/vex/emerald",
          "tints": [
            {
              "type": "minecraft:dye",
              "default": -6265536
            }
          ]
        }
      },
      {
        "when": {
          "pattern": "wild",
          "material": "emerald"
        },
        "model": {
          "type": "minecraft:model",
          "model": "minecraft:item/leather_chestplate/wild/emerald",
          "tints": [
            {
              "type": "minecraft:dye",
              "default": -6265536
            }
          ]
        }
      },
      {
        "when": {
          "pattern": "coast",
          "material": "emerald"
        },
        "model": {
          "type": "minecraft:model",
          "model": "minecraft:item/leather_chestplate/coast/emerald",
          "tints": [
            {
              "type": "minecraft:dye",
              "default": -6265536
            }
          ]
        }
      },
      {
        "when": {
          "pattern": "dune",
          "material": "emerald"
        },
        "model": {
          "type": "minecraft:model",
          "model": "minecraft:item/leather_chestplate/dune/emerald",
          "tints": [
            {
              "type": "minecraft:dye",
              "default": -6265536
            }
          ]
        }
      },
      {
        "when": {
          "pattern": "wayfinder",
          "material": "emerald"
        },
        "model": {
          "type": "minecraft:model",
          "model": "minecraft:item/leather_chestplate/wayfinder/emerald",
          "tints": [
            {
              "type": "minecraft:dye",
              "default": -6265536
            }
          ]
        }
      },
      {
        "when": {
          "pattern": "raiser",
          "material": "emerald"
        },
        "model": {
          "type": "minecraft:model",
          "model": "minecraft:item/leather_chestplate/raiser/emerald",
          "tints": [
            {
              "type": "minecraft:dye",
              "default": -6265536
            }
          ]
        }
      },
      {
        "when": {
          "pattern": "shaper",
          "material": "emerald"
        },
        "model": {
          "type": "minecraft:model",
          "model": "minecraft:item/leather_chestplate/shaper/emerald",
          "tints": [
            {
              "type": "minecraft:dye",
              "default": -6265536
            }
          ]
        }
      },
      {
        "when": {
          "pattern": "host",
          "material": "emerald"
        },
        "model": {
          "type": "minecraft:model",
          "model": "minecraft:item/leather_chestplate/host/emerald",
          "tints": [
            {
              "type": "minecraft:dye",
              "default": -6265536
            }
          ]
        }
      },
      {
        "when": {
          "pattern": "ward",
          "material": "emerald"
        },
        "model": {
          "type": "minecraft:model",
          "model": "minecraft:item/leather_chestplate/ward/emerald",
          "tints": [
            {
              "type": "minecraft:dye",
              "default": -6265536
            }
          ]
        }
      },
      {
        "when": {
          "pattern": "silence",
          "material": "emerald"
        },
        "model": {
          "type": "minecraft:model",
          "model": "minecraft:item/leather_chestplate/silence/emerald",
          "tints": [
            {
              "type": "minecraft:dye",
              "default": -6265536
            }
          ]
        }
      },
      {
        "when": {
          "pattern": "tide",
          "material": "emerald"
        },
        "model": {
          "type": "minecraft:model",
          "model": "minecraft:item/leather_chestplate/tide/emerald",
          "tints": [
            {
              "type": "minecraft:dye",
              "default": -6265536
            }
          ]
        }
      },
      {
        "when": {
          "pattern": "snout",
          "material": "emerald"
        },
        "model": {
          "type": "minecraft:model",
          "model": "minecraft:item/leather_chestplate/snout/emerald",
          "tints": [
            {
              "type": "minecraft:dye",
              "default": -6265536
            }
          ]
        }
      },
      {
        "when": {
          "pattern": "rib",
          "material": "emerald"
        },
        "model": {
          "type": "minecraft:model",
          "model": "minecraft:item/leather_chestplate/rib/emerald",
          "tints": [
            {
              "type": "minecraft:dye",
              "default": -6265536
            }
          ]
        }
      },
      {
        "when": {
          "pattern": "eye",
          "material": "emerald"
        },
        "model": {
          "type": "minecraft:model",
          "model": "minecraft:item/leather_chestplate/eye/emerald",
          "tints": [
            {
              "type": "minecraft:dye",
              "default": -6265536
            }
          ]
        }
      },
      {
        "when": {
          "pattern": "spire",
          "material": "emerald"
        },
        "model": {
          "type": "minecraft:model",
          "model": "minecraft:item/leather_chestplate/spire/emerald",
          "tints": [
            {
              "type": "minecraft:dye",
              "default": -6265536
            }
          ]
        }
      },
      {
        "when": {
          "pattern": "bolt",
          "material": "emerald"
        },
        "model": {
          "type": "minecraft:model",
          "model": "minecraft:item/leather_chestplate/bolt/emerald",
          "tints": [
            {
              "type": "minecraft:dye",
              "default": -6265536
            }
          ]
        }
      },
      {
        "when": {
          "pattern": "flow",
          "material": "emerald"
        },
        "model": {
          "type": "minecraft:model",
          "model": "minecraft:item/leather_chestplate/flow/emerald",
          "tints": [
            {
              "type": "minecraft:dye",
              "default": -6265536
            }
          ]
        }
      },
      {
        "when": {
          "pattern": "sentry",
          "material": "diamond"
        },
        "model": {
          "type": "minecraft:model",
          "model": "minecraft:item/leather_chestplate/sentry/diamond",
          "tints": [
            {
              "type": "minecraft:dye",
              "default": -6265536
            }
          ]
        }
      },
      {
        "when": {
          "pattern": "vex",
          "material": "diamond"
        },
        "model": {
          "type": "minecraft:model",
          "model": "minecraft:item/leather_chestplate/vex/diamond",
          "tints": [
            {
              "type": "minecraft:dye",
              "default": -6265536
            }
          ]
        }
      },
      {
        "when": {
          "pattern": "wild",
          "material": "diamond"
        },
        "model": {
          "type": "minecraft:model",
          "model": "minecraft:item/leather_chestplate/wild/diamond",
          "tints": [
            {
              "type": "minecraft:dye",
              "default": -6265536
            }
          ]
        }
      },
      {
        "when": {
          "pattern": "coast",
          "material": "diamond"
        },
        "model": {
          "type": "minecraft:model",
          "model": "minecraft:item/leather_chestplate/coast/diamond",
          "tints": [
            {
              "type": "minecraft:dye",
              "default": -6265536
            }
          ]
        }
      },
      {
        "when": {
          "pattern": "dune",
          "material": "diamond"
        },
        "model": {
          "type": "minecraft:model",
          "model": "minecraft:item/leather_chestplate/dune/diamond",
          "tints": [
            {
              "type": "minecraft:dye",
              "default": -6265536
            }
          ]
        }
      },
      {
        "when": {
          "pattern": "wayfinder",
          "material": "diamond"
        },
        "model": {
          "type": "minecraft:model",
          "model": "minecraft:item/leather_chestplate/wayfinder/diamond",
          "tints": [
            {
              "type": "minecraft:dye",
              "default": -6265536
            }
          ]
        }
      },
      {
        "when": {
          "pattern": "raiser",
          "material": "diamond"
        },
        "model": {
          "type": "minecraft:model",
          "model": "minecraft:item/leather_chestplate/raiser/diamond",
          "tints": [
            {
              "type": "minecraft:dye",
              "default": -6265536
            }
          ]
        }
      },
      {
        "when": {
          "pattern": "shaper",
          "material": "diamond"
        },
        "model": {
          "type": "minecraft:model",
          "model": "minecraft:item/leather_chestplate/shaper/diamond",
          "tints": [
            {
              "type": "minecraft:dye",
              "default": -6265536
            }
          ]
        }
      },
      {
        "when": {
          "pattern": "host",
          "material": "diamond"
        },
        "model": {
          "type": "minecraft:model",
          "model": "minecraft:item/leather_chestplate/host/diamond",
          "tints": [
            {
              "type": "minecraft:dye",
              "default": -6265536
            }
          ]
        }
      },
      {
        "when": {
          "pattern": "ward",
          "material": "diamond"
        },
        "model": {
          "type": "minecraft:model",
          "model": "minecraft:item/leather_chestplate/ward/diamond",
          "tints": [
            {
              "type": "minecraft:dye",
              "default": -6265536
            }
          ]
        }
      },
      {
        "when": {
          "pattern": "silence",
          "material": "diamond"
        },
        "model": {
          "type": "minecraft:model",
          "model": "minecraft:item/leather_chestplate/silence/diamond",
          "tints": [
            {
              "type": "minecraft:dye",
              "default": -6265536
            }
          ]
        }
      },
      {
        "when": {
          "pattern": "tide",
          "material": "diamond"
        },
        "model": {
          "type": "minecraft:model",
          "model": "minecraft:item/leather_chestplate/tide/diamond",
          "tints": [
            {
              "type": "minecraft:dye",
              "default": -6265536
            }
          ]
        }
      },
      {
        "when": {
          "pattern": "snout",
          "material": "diamond"
        },
        "model": {
          "type": "minecraft:model",
          "model": "minecraft:item/leather_chestplate/snout/diamond",
          "tints": [
            {
              "type": "minecraft:dye",
              "default": -6265536
            }
          ]
        }
      },
      {
        "when": {
          "pattern": "rib",
          "material": "diamond"
        },
        "model": {
          "type": "minecraft:model",
          "model": "minecraft:item/leather_chestplate/rib/diamond",
          "tints": [
            {
              "type": "minecraft:dye",
              "default": -6265536
            }
          ]
        }
      },
      {
        "when": {
          "pattern": "eye",
          "material": "diamond"
        },
        "model": {
          "type": "minecraft:model",
          "model": "minecraft:item/leather_chestplate/eye/diamond",
          "tints": [
            {
              "type": "minecraft:dye",
              "default": -6265536
            }
          ]
        }
      },
      {
        "when": {
          "pattern": "spire",
          "material": "diamond"
        },
        "model": {
          "type": "minecraft:model",
          "model": "minecraft:item/leather_chestplate/spire/diamond",
          "tints": [
            {
              "type": "minecraft:dye",
              "default": -6265536
            }
          ]
        }
      },
      {
        "when": {
          "pattern": "bolt",
          "material": "diamond"
        },
        "model": {
          "type": "minecraft:model",
          "model": "minecraft:item/leather_chestplate/bolt/diamond",
          "tints": [
            {
              "type": "minecraft:dye",
              "default": -6265536
            }
          ]
        }
      },
      {
        "when": {
          "pattern": "flow",
          "material": "diamond"
        },
        "model": {
          "type": "minecraft:model",
          "model": "minecraft:item/leather_chestplate/flow/diamond",
          "tints": [
            {
              "type": "minecraft:dye",
              "default": -6265536
            }
          ]
        }
      },
      {
        "when": {
          "pattern": "sentry",
          "material": "lapis"
        },
        "model": {
          "type": "minecraft:model",
          "model": "minecraft:item/leather_chestplate/sentry/lapis",
          "tints": [
            {
              "type": "minecraft:dye",
              "default": -6265536
            }
          ]
        }
      },
      {
        "when": {
          "pattern": "vex",
          "material": "lapis"
        },
        "model": {
          "type": "minecraft:model",
          "model": "minecraft:item/leather_chestplate/vex/lapis",
          "tints": [
            {
              "type": "minecraft:dye",
              "default": -6265536
            }
          ]
        }
      },
      {
        "when": {
          "pattern": "wild",
          "material": "lapis"
        },
        "model": {
          "type": "minecraft:model",
          "model": "minecraft:item/leather_chestplate/wild/lapis",
          "tints": [
            {
              "type": "minecraft:dye",
              "default": -6265536
            }
          ]
        }
      },
      {
        "when": {
          "pattern": "coast",
          "material": "lapis"
        },
        "model": {
          "type": "minecraft:model",
          "model": "minecraft:item/leather_chestplate/coast/lapis",
          "tints": [
            {
              "type": "minecraft:dye",
              "default": -6265536
            }
          ]
        }
      },
      {
        "when": {
          "pattern": "dune",
          "material": "lapis"
        },
        "model": {
          "type": "minecraft:model",
          "model": "minecraft:item/leather_chestplate/dune/lapis",
          "tints": [
            {
              "type": "minecraft:dye",
              "default": -6265536
            }
          ]
        }
      },
      {
        "when": {
          "pattern": "wayfinder",
          "material": "lapis"
        },
        "model": {
          "type": "minecraft:model",
          "model": "minecraft:item/leather_chestplate/wayfinder/lapis",
          "tints": [
            {
              "type": "minecraft:dye",
              "default": -6265536
            }
          ]
        }
      },
      {
        "when": {
          "pattern": "raiser",
          "material": "lapis"
        },
        "model": {
          "type": "minecraft:model",
          "model": "minecraft:item/leather_chestplate/raiser/lapis",
          "tints": [
            {
              "type": "minecraft:dye",
              "default": -6265536
            }
          ]
        }
      },
      {
        "when": {
          "pattern": "shaper",
          "material": "lapis"
        },
        "model": {
          "type": "minecraft:model",
          "model": "minecraft:item/leather_chestplate/shaper/lapis",
          "tints": [
            {
              "type": "minecraft:dye",
              "default": -6265536
            }
          ]
        }
      },
      {
        "when": {
          "pattern": "host",
          "material": "lapis"
        },
        "model": {
          "type": "minecraft:model",
          "model": "minecraft:item/leather_chestplate/host/lapis",
          "tints": [
            {
              "type": "minecraft:dye",
              "default": -6265536
            }
          ]
        }
      },
      {
        "when": {
          "pattern": "ward",
          "material": "lapis"
        },
        "model": {
          "type": "minecraft:model",
          "model": "minecraft:item/leather_chestplate/ward/lapis",
          "tints": [
            {
              "type": "minecraft:dye",
              "default": -6265536
            }
          ]
        }
      },
      {
        "when": {
          "pattern": "silence",
          "material": "lapis"
        },
        "model": {
          "type": "minecraft:model",
          "model": "minecraft:item/leather_chestplate/silence/lapis",
          "tints": [
            {
              "type": "minecraft:dye",
              "default": -6265536
            }
          ]
        }
      },
      {
        "when": {
          "pattern": "tide",
          "material": "lapis"
        },
        "model": {
          "type": "minecraft:model",
          "model": "minecraft:item/leather_chestplate/tide/lapis",
          "tints": [
            {
              "type": "minecraft:dye",
              "default": -6265536
            }
          ]
        }
      },
      {
        "when": {
          "pattern": "snout",
          "material": "lapis"
        },
        "model": {
          "type": "minecraft:model",
          "model": "minecraft:item/leather_chestplate/snout/lapis",
          "tints": [
            {
              "type": "minecraft:dye",
              "default": -6265536
            }
          ]
        }
      },
      {
        "when": {
          "pattern": "rib",
          "material": "lapis"
        },
        "model": {
          "type": "minecraft:model",
          "model": "minecraft:item/leather_chestplate/rib/lapis",
          "tints": [
            {
              "type": "minecraft:dye",
              "default": -6265536
            }
          ]
        }
      },
      {
        "when": {
          "pattern": "eye",
          "material": "lapis"
        },
        "model": {
          "type": "minecraft:model",
          "model": "minecraft:item/leather_chestplate/eye/lapis",
          "tints": [
            {
              "type": "minecraft:dye",
              "default": -6265536
            }
          ]
        }
      },
      {
        "when": {
          "pattern": "spire",
          "material": "lapis"
        },
        "model": {
          "type": "minecraft:model",
          "model": "minecraft:item/leather_chestplate/spire/lapis",
          "tints": [
            {
              "type": "minecraft:dye",
              "default": -6265536
            }
          ]
        }
      },
      {
        "when": {
          "pattern": "bolt",
          "material": "lapis"
        },
        "model": {
          "type": "minecraft:model",
          "model": "minecraft:item/leather_chestplate/bolt/lapis",
          "tints": [
            {
              "type": "minecraft:dye",
              "default": -6265536
            }
          ]
        }
      },
      {
        "when": {
          "pattern": "flow",
          "material": "lapis"
        },
        "model": {
          "type": "minecraft:model",
          "model": "minecraft:item/leather_chestplate/flow/lapis",
          "tints": [
            {
              "type": "minecraft:dye",
              "default": -6265536
            }
          ]
        }
      },
      {
        "when": {
          "pattern": "sentry",
          "material": "amethyst"
        },
        "model": {
          "type": "minecraft:model",
          "model": "minecraft:item/leather_chestplate/sentry/amethyst",
          "tints": [
            {
              "type": "minecraft:dye",
              "default": -6265536
            }
          ]
        }
      },
      {
        "when": {
          "pattern": "vex",
          "material": "amethyst"
        },
        "model": {
          "type": "minecraft:model",
          "model": "minecraft:item/leather_chestplate/vex/amethyst",
          "tints": [
            {
              "type": "minecraft:dye",
              "default": -6265536
            }
          ]
        }
      },
      {
        "when": {
          "pattern": "wild",
          "material": "amethyst"
        },
        "model": {
          "type": "minecraft:model",
          "model": "minecraft:item/leather_chestplate/wild/amethyst",
          "tints": [
            {
              "type": "minecraft:dye",
              "default": -6265536
            }
          ]
        }
      },
      {
        "when": {
          "pattern": "coast",
          "material": "amethyst"
        },
        "model": {
          "type": "minecraft:model",
          "model": "minecraft:item/leather_chestplate/coast/amethyst",
          "tints": [
            {
              "type": "minecraft:dye",
              "default": -6265536
            }
          ]
        }
      },
      {
        "when": {
          "pattern": "dune",
          "material": "amethyst"
        },
        "model": {
          "type": "minecraft:model",
          "model": "minecraft:item/leather_chestplate/dune/amethyst",
          "tints": [
            {
              "type": "minecraft:dye",
              "default": -6265536
            }
          ]
        }
      },
      {
        "when": {
          "pattern": "wayfinder",
          "material": "amethyst"
        },
        "model": {
          "type": "minecraft:model",
          "model": "minecraft:item/leather_chestplate/wayfinder/amethyst",
          "tints": [
            {
              "type": "minecraft:dye",
              "default": -6265536
            }
          ]
        }
      },
      {
        "when": {
          "pattern": "raiser",
          "material": "amethyst"
        },
        "model": {
          "type": "minecraft:model",
          "model": "minecraft:item/leather_chestplate/raiser/amethyst",
          "tints": [
            {
              "type": "minecraft:dye",
              "default": -6265536
            }
          ]
        }
      },
      {
        "when": {
          "pattern": "shaper",
          "material": "amethyst"
        },
        "model": {
          "type": "minecraft:model",
          "model": "minecraft:item/leather_chestplate/shaper/amethyst",
          "tints": [
            {
              "type": "minecraft:dye",
              "default": -6265536
            }
          ]
        }
      },
      {
        "when": {
          "pattern": "host",
          "material": "amethyst"
        },
        "model": {
          "type": "minecraft:model",
          "model": "minecraft:item/leather_chestplate/host/amethyst",
          "tints": [
            {
              "type": "minecraft:dye",
              "default": -6265536
            }
          ]
        }
      },
      {
        "when": {
          "pattern": "ward",
          "material": "amethyst"
        },
        "model": {
          "type": "minecraft:model",
          "model": "minecraft:item/leather_chestplate/ward/amethyst",
          "tints": [
            {
              "type": "minecraft:dye",
              "default": -6265536
            }
          ]
        }
      },
      {
        "when": {
          "pattern": "silence",
          "material": "amethyst"
        },
        "model": {
          "type": "minecraft:model",
          "model": "minecraft:item/leather_chestplate/silence/amethyst",
          "tints": [
            {
              "type": "minecraft:dye",
              "default": -6265536
            }
          ]
        }
      },
      {
        "when": {
          "pattern": "tide",
          "material": "amethyst"
        },
        "model": {
          "type": "minecraft:model",
          "model": "minecraft:item/leather_chestplate/tide/amethyst",
          "tints": [
            {
              "type": "minecraft:dye",
              "default": -6265536
            }
          ]
        }
      },
      {
        "when": {
          "pattern": "snout",
          "material": "amethyst"
        },
        "model": {
          "type": "minecraft:model",
          "model": "minecraft:item/leather_chestplate/snout/amethyst",
          "tints": [
            {
              "type": "minecraft:dye",
              "default": -6265536
            }
          ]
        }
      },
      {
        "when": {
          "pattern": "rib",
          "material": "amethyst"
        },
        "model": {
          "type": "minecraft:model",
          "model": "minecraft:item/leather_chestplate/rib/amethyst",
          "tints": [
            {
              "type": "minecraft:dye",
              "default": -6265536
            }
          ]
        }
      },
      {
        "when": {
          "pattern": "eye",
          "material": "amethyst"
        },
        "model": {
          "type": "minecraft:model",
          "model": "minecraft:item/leather_chestplate/eye/amethyst",
          "tints": [
            {
              "type": "minecraft:dye",
              "default": -6265536
            }
          ]
        }
      },
      {
        "when": {
          "pattern": "spire",
          "material": "amethyst"
        },
        "model": {
          "type": "minecraft:model",
          "model": "minecraft:item/leather_chestplate/spire/amethyst",
          "tints": [
            {
              "type": "minecraft:dye",
              "default": -6265536
            }
          ]
        }
      },
      {
        "when": {
          "pattern": "bolt",
          "material": "amethyst"
        },
        "model": {
          "type": "minecraft:model",
          "model": "minecraft:item/leather_chestplate/bolt/amethyst",
          "tints": [
            {
              "type": "minecraft:dye",
              "default": -6265536
            }
          ]
        }
      },
      {
        "when": {
          "pattern": "flow",
          "material": "amethyst"
        },
        "model": {
          "type": "minecraft:model",
          "model": "minecraft:item/leather_chestplate/flow/amethyst",
          "tints": [
            {
              "type": "minecraft:dye",
              "default": -6265536
            }
          ]
        }
      },
      {
        "when": {
          "pattern": "sentry",
          "material": "quartz"
        },
        "model": {
          "type": "minecraft:model",
          "model": "minecraft:item/leather_chestplate/sentry/quartz",
          "tints": [
            {
              "type": "minecraft:dye",
              "default": -6265536
            }
          ]
        }
      },
      {
        "when": {
          "pattern": "vex",
          "material": "quartz"
        },
        "model": {
          "type": "minecraft:model",
          "model": "minecraft:item/leather_chestplate/vex/quartz",
          "tints": [
            {
              "type": "minecraft:dye",
              "default": -6265536
            }
          ]
        }
      },
      {
        "when": {
          "pattern": "wild",
          "material": "quartz"
        },
        "model": {
          "type": "minecraft:model",
          "model": "minecraft:item/leather_chestplate/wild/quartz",
          "tints": [
            {
              "type": "minecraft:dye",
              "default": -6265536
            }
          ]
        }
      },
      {
        "when": {
          "pattern": "coast",
          "material": "quartz"
        },
        "model": {
          "type": "minecraft:model",
          "model": "minecraft:item/leather_chestplate/coast/quartz",
          "tints": [
            {
              "type": "minecraft:dye",
              "default": -6265536
            }
          ]
        }
      },
      {
        "when": {
          "pattern": "dune",
          "material": "quartz"
        },
        "model": {
          "type": "minecraft:model",
          "model": "minecraft:item/leather_chestplate/dune/quartz",
          "tints": [
            {
              "type": "minecraft:dye",
              "default": -6265536
            }
          ]
        }
      },
      {
        "when": {
          "pattern": "wayfinder",
          "material": "quartz"
        },
        "model": {
          "type": "minecraft:model",
          "model": "minecraft:item/leather_chestplate/wayfinder/quartz",
          "tints": [
            {
              "type": "minecraft:dye",
              "default": -6265536
            }
          ]
        }
      },
      {
        "when": {
          "pattern": "raiser",
          "material": "quartz"
        },
        "model": {
          "type": "minecraft:model",
          "model": "minecraft:item/leather_chestplate/raiser/quartz",
          "tints": [
            {
              "type": "minecraft:dye",
              "default": -6265536
            }
          ]
        }
      },
      {
        "when": {
          "pattern": "shaper",
          "material": "quartz"
        },
        "model": {
          "type": "minecraft:model",
          "model": "minecraft:item/leather_chestplate/shaper/quartz",
          "tints": [
            {
              "type": "minecraft:dye",
              "default": -6265536
            }
          ]
        }
      },
      {
        "when": {
          "pattern": "host",
          "material": "quartz"
        },
        "model": {
          "type": "minecraft:model",
          "model": "minecraft:item/leather_chestplate/host/quartz",
          "tints": [
            {
              "type": "minecraft:dye",
              "default": -6265536
            }
          ]
        }
      },
      {
        "when": {
          "pattern": "ward",
          "material": "quartz"
        },
        "model": {
          "type": "minecraft:model",
          "model": "minecraft:item/leather_chestplate/ward/quartz",
          "tints": [
            {
              "type": "minecraft:dye",
              "default": -6265536
            }
          ]
        }
      },
      {
        "when": {
          "pattern": "silence",
          "material": "quartz"
        },
        "model": {
          "type": "minecraft:model",
          "model": "minecraft:item/leather_chestplate/silence/quartz",
          "tints": [
            {
              "type": "minecraft:dye",
              "default": -6265536
            }
          ]
        }
      },
      {
        "when": {
          "pattern": "tide",
          "material": "quartz"
        },
        "model": {
          "type": "minecraft:model",
          "model": "minecraft:item/leather_chestplate/tide/quartz",
          "tints": [
            {
              "type": "minecraft:dye",
              "default": -6265536
            }
          ]
        }
      },
      {
        "when": {
          "pattern": "snout",
          "material": "quartz"
        },
        "model": {
          "type": "minecraft:model",
          "model": "minecraft:item/leather_chestplate/snout/quartz",
          "tints": [
            {
              "type": "minecraft:dye",
              "default": -6265536
            }
          ]
        }
      },
      {
        "when": {
          "pattern": "rib",
          "material": "quartz"
        },
        "model": {
          "type": "minecraft:model",
          "model": "minecraft:item/leather_chestplate/rib/quartz",
          "tints": [
            {
              "type": "minecraft:dye",
              "default": -6265536
            }
          ]
        }
      },
      {
        "when": {
          "pattern": "eye",
          "material": "quartz"
        },
        "model": {
          "type": "minecraft:model",
          "model": "minecraft:item/leather_chestplate/eye/quartz",
          "tints": [
            {
              "type": "minecraft:dye",
              "default": -6265536
            }
          ]
        }
      },
      {
        "when": {
          "pattern": "spire",
          "material": "quartz"
        },
        "model": {
          "type": "minecraft:model",
          "model": "minecraft:item/leather_chestplate/spire/quartz",
          "tints": [
            {
              "type": "minecraft:dye",
              "default": -6265536
            }
          ]
        }
      },
      {
        "when": {
          "pattern": "bolt",
          "material": "quartz"
        },
        "model": {
          "type": "minecraft:model",
          "model": "minecraft:item/leather_chestplate/bolt/quartz",
          "tints": [
            {
              "type": "minecraft:dye",
              "default": -6265536
            }
          ]
        }
      },
      {
        "when": {
          "pattern": "flow",
          "material": "quartz"
        },
        "model": {
          "type": "minecraft:model",
          "model": "minecraft:item/leather_chestplate/flow/quartz",
          "tints": [
            {
              "type": "minecraft:dye",
              "default": -6265536
            }
          ]
        }
      },
      {
        "when": {
          "pattern": "sentry",
          "material": "iron"
        },
        "model": {
          "type": "minecraft:model",
          "model": "minecraft:item/leather_chestplate/sentry/iron",
          "tints": [
            {
              "type": "minecraft:dye",
              "default": -6265536
            }
          ]
        }
      },
      {
        "when": {
          "pattern": "vex",
          "material": "iron"
        },
        "model": {
          "type": "minecraft:model",
          "model": "minecraft:item/leather_chestplate/vex/iron",
          "tints": [
            {
              "type": "minecraft:dye",
              "default": -6265536
            }
          ]
        }
      },
      {
        "when": {
          "pattern": "wild",
          "material": "iron"
        },
        "model": {
          "type": "minecraft:model",
          "model": "minecraft:item/leather_chestplate/wild/iron",
          "tints": [
            {
              "type": "minecraft:dye",
              "default": -6265536
            }
          ]
        }
      },
      {
        "when": {
          "pattern": "coast",
          "material": "iron"
        },
        "model": {
          "type": "minecraft:model",
          "model": "minecraft:item/leather_chestplate/coast/iron",
          "tints": [
            {
              "type": "minecraft:dye",
              "default": -6265536
            }
          ]
        }
      },
      {
        "when": {
          "pattern": "dune",
          "material": "iron"
        },
        "model": {
          "type": "minecraft:model",
          "model": "minecraft:item/leather_chestplate/dune/iron",
          "tints": [
            {
              "type": "minecraft:dye",
              "default": -6265536
            }
          ]
        }
      },
      {
        "when": {
          "pattern": "wayfinder",
          "material": "iron"
        },
        "model": {
          "type": "minecraft:model",
          "model": "minecraft:item/leather_chestplate/wayfinder/iron",
          "tints": [
            {
              "type": "minecraft:dye",
              "default": -6265536
            }
          ]
        }
      },
      {
        "when": {
          "pattern": "raiser",
          "material": "iron"
        },
        "model": {
          "type": "minecraft:model",
          "model": "minecraft:item/leather_chestplate/raiser/iron",
          "tints": [
            {
              "type": "minecraft:dye",
              "default": -6265536
            }
          ]
        }
      },
      {
        "when": {
          "pattern": "shaper",
          "material": "iron"
        },
        "model": {
          "type": "minecraft:model",
          "model": "minecraft:item/leather_chestplate/shaper/iron",
          "tints": [
            {
              "type": "minecraft:dye",
              "default": -6265536
            }
          ]
        }
      },
      {
        "when": {
          "pattern": "host",
          "material": "iron"
        },
        "model": {
          "type": "minecraft:model",
          "model": "minecraft:item/leather_chestplate/host/iron",
          "tints": [
            {
              "type": "minecraft:dye",
              "default": -6265536
            }
          ]
        }
      },
      {
        "when": {
          "pattern": "ward",
          "material": "iron"
        },
        "model": {
          "type": "minecraft:model",
          "model": "minecraft:item/leather_chestplate/ward/iron",
          "tints": [
            {
              "type": "minecraft:dye",
              "default": -6265536
            }
          ]
        }
      },
      {
        "when": {
          "pattern": "silence",
          "material": "iron"
        },
        "model": {
          "type": "minecraft:model",
          "model": "minecraft:item/leather_chestplate/silence/iron",
          "tints": [
            {
              "type": "minecraft:dye",
              "default": -6265536
            }
          ]
        }
      },
      {
        "when": {
          "pattern": "tide",
          "material": "iron"
        },
        "model": {
          "type": "minecraft:model",
          "model": "minecraft:item/leather_chestplate/tide/iron",
          "tints": [
            {
              "type": "minecraft:dye",
              "default": -6265536
            }
          ]
        }
      },
      {
        "when": {
          "pattern": "snout",
          "material": "iron"
        },
        "model": {
          "type": "minecraft:model",
          "model": "minecraft:item/leather_chestplate/snout/iron",
          "tints": [
            {
              "type": "minecraft:dye",
              "default": -6265536
            }
          ]
        }
      },
      {
        "when": {
          "pattern": "rib",
          "material": "iron"
        },
        "model": {
          "type": "minecraft:model",
          "model": "minecraft:item/leather_chestplate/rib/iron",
          "tints": [
            {
              "type": "minecraft:dye",
              "default": -6265536
            }
          ]
        }
      },
      {
        "when": {
          "pattern": "eye",
          "material": "iron"
        },
        "model": {
          "type": "minecraft:model",
          "model": "minecraft:item/leather_chestplate/eye/iron",
          "tints": [
            {
              "type": "minecraft:dye",
              "default": -6265536
            }
          ]
        }
      },
      {
        "when": {
          "pattern": "spire",
          "material": "iron"
        },
        "model": {
          "type": "minecraft:model",
          "model": "minecraft:item/leather_chestplate/spire/iron",
          "tints": [
            {
              "type": "minecraft:dye",
              "default": -6265536
            }
          ]
        }
      },
      {
        "when": {
          "pattern": "bolt",
          "material": "iron"
        },
        "model": {
          "type": "minecraft:model",
          "model": "minecraft:item/leather_chestplate/bolt/iron",
          "tints": [
            {
              "type": "minecraft:dye",
              "default": -6265536
            }
          ]
        }
      },
      {
        "when": {
          "pattern": "flow",
          "material": "iron"
        },
        "model": {
          "type": "minecraft:model",
          "model": "minecraft:item/leather_chestplate/flow/iron",
          "tints": [
            {
              "type": "minecraft:dye",
              "default": -6265536
            }
          ]
        }
      },
      {
        "when": {
          "pattern": "sentry",
          "material": "netherite"
        },
        "model": {
          "type": "minecraft:model",
          "model": "minecraft:item/leather_chestplate/sentry/netherite",
          "tints": [
            {
              "type": "minecraft:dye",
              "default": -6265536
            }
          ]
        }
      },
      {
        "when": {
          "pattern": "vex",
          "material": "netherite"
        },
        "model": {
          "type": "minecraft:model",
          "model": "minecraft:item/leather_chestplate/vex/netherite",
          "tints": [
            {
              "type": "minecraft:dye",
              "default": -6265536
            }
          ]
        }
      },
      {
        "when": {
          "pattern": "wild",
          "material": "netherite"
        },
        "model": {
          "type": "minecraft:model",
          "model": "minecraft:item/leather_chestplate/wild/netherite",
          "tints": [
            {
              "type": "minecraft:dye",
              "default": -6265536
            }
          ]
        }
      },
      {
        "when": {
          "pattern": "coast",
          "material": "netherite"
        },
        "model": {
          "type": "minecraft:model",
          "model": "minecraft:item/leather_chestplate/coast/netherite",
          "tints": [
            {
              "type": "minecraft:dye",
              "default": -6265536
            }
          ]
        }
      },
      {
        "when": {
          "pattern": "dune",
          "material": "netherite"
        },
        "model": {
          "type": "minecraft:model",
          "model": "minecraft:item/leather_chestplate/dune/netherite",
          "tints": [
            {
              "type": "minecraft:dye",
              "default": -6265536
            }
          ]
        }
      },
      {
        "when": {
          "pattern": "wayfinder",
          "material": "netherite"
        },
        "model": {
          "type": "minecraft:model",
          "model": "minecraft:item/leather_chestplate/wayfinder/netherite",
          "tints": [
            {
              "type": "minecraft:dye",
              "default": -6265536
            }
          ]
        }
      },
      {
        "when": {
          "pattern": "raiser",
          "material": "netherite"
        },
        "model": {
          "type": "minecraft:model",
          "model": "minecraft:item/leather_chestplate/raiser/netherite",
          "tints": [
            {
              "type": "minecraft:dye",
              "default": -6265536
            }
          ]
        }
      },
      {
        "when": {
          "pattern": "shaper",
          "material": "netherite"
        },
        "model": {
          "type": "minecraft:model",
          "model": "minecraft:item/leather_chestplate/shaper/netherite",
          "tints": [
            {
              "type": "minecraft:dye",
              "default": -6265536
            }
          ]
        }
      },
      {
        "when": {
          "pattern": "host",
          "material": "netherite"
        },
        "model": {
          "type": "minecraft:model",
          "model": "minecraft:item/leather_chestplate/host/netherite",
          "tints": [
            {
              "type": "minecraft:dye",
              "default": -6265536
            }
          ]
        }
      },
      {
        "when": {
          "pattern": "ward",
          "material": "netherite"
        },
        "model": {
          "type": "minecraft:model",
          "model": "minecraft:item/leather_chestplate/ward/netherite",
          "tints": [
            {
              "type": "minecraft:dye",
              "default": -6265536
            }
          ]
        }
      },
      {
        "when": {
          "pattern": "silence",
          "material": "netherite"
        },
        "model": {
          "type": "minecraft:model",
          "model": "minecraft:item/leather_chestplate/silence/netherite",
          "tints": [
            {
              "type": "minecraft:dye",
              "default": -6265536
            }
          ]
        }
      },
      {
        "when": {
          "pattern": "tide",
          "material": "netherite"
        },
        "model": {
          "type": "minecraft:model",
          "model": "minecraft:item/leather_chestplate/tide/netherite",
          "tints": [
            {
              "type": "minecraft:dye",
              "default": -6265536
            }
          ]
        }
      },
      {
        "when": {
          "pattern": "snout",
          "material": "netherite"
        },
        "model": {
          "type": "minecraft:model",
          "model": "minecraft:item/leather_chestplate/snout/netherite",
          "tints": [
            {
              "type": "minecraft:dye",
              "default": -6265536
            }
          ]
        }
      },
      {
        "when": {
          "pattern": "rib",
          "material": "netherite"
        },
        "model": {
          "type": "minecraft:model",
          "model": "minecraft:item/leather_chestplate/rib/netherite",
          "tints": [
            {
              "type": "minecraft:dye",
              "default": -6265536
            }
          ]
        }
      },
      {
        "when": {
          "pattern": "eye",
          "material": "netherite"
        },
        "model": {
          "type": "minecraft:model",
          "model": "minecraft:item/leather_chestplate/eye/netherite",
          "tints": [
            {
              "type": "minecraft:dye",
              "default": -6265536
            }
          ]
        }
      },
      {
        "when": {
          "pattern": "spire",
          "material": "netherite"
        },
        "model": {
          "type": "minecraft:model",
          "model": "minecraft:item/leather_chestplate/spire/netherite",
          "tints": [
            {
              "type": "minecraft:dye",
              "default": -6265536
            }
          ]
        }
      },
      {
        "when": {
          "pattern": "bolt",
          "material": "netherite"
        },
        "model": {
          "type": "minecraft:model",
          "model": "minecraft:item/leather_chestplate/bolt/netherite",
          "tints": [
            {
              "type": "minecraft:dye",
              "default": -6265536
            }
          ]
        }
      },
      {
        "when": {
          "pattern": "flow",
          "material": "netherite"
        },
        "model": {
          "type": "minecraft:model",
          "model": "minecraft:item/leather_chestplate/flow/netherite",
          "tints": [
            {
              "type": "minecraft:dye",
              "default": -6265536
            }
          ]
        }
      },
      {
        "when": {
          "pattern": "sentry",
          "material": "resin"
        },
        "model": {
          "type": "minecraft:model",
          "model": "minecraft:item/leather_chestplate/sentry/resin",
          "tints": [
            {
              "type": "minecraft:dye",
              "default": -6265536
            }
          ]
        }
      },
      {
        "when": {
          "pattern": "vex",
          "material": "resin"
        },
        "model": {
          "type": "minecraft:model",
          "model": "minecraft:item/leather_chestplate/vex/resin",
          "tints": [
            {
              "type": "minecraft:dye",
              "default": -6265536
            }
          ]
        }
      },
      {
        "when": {
          "pattern": "wild",
          "material": "resin"
        },
        "model": {
          "type": "minecraft:model",
          "model": "minecraft:item/leather_chestplate/wild/resin",
          "tints": [
            {
              "type": "minecraft:dye",
              "default": -6265536
            }
          ]
        }
      },
      {
        "when": {
          "pattern": "coast",
          "material": "resin"
        },
        "model": {
          "type": "minecraft:model",
          "model": "minecraft:item/leather_chestplate/coast/resin",
          "tints": [
            {
              "type": "minecraft:dye",
              "default": -6265536
            }
          ]
        }
      },
      {
        "when": {
          "pattern": "dune",
          "material": "resin"
        },
        "model": {
          "type": "minecraft:model",
          "model": "minecraft:item/leather_chestplate/dune/resin",
          "tints": [
            {
              "type": "minecraft:dye",
              "default": -6265536
            }
          ]
        }
      },
      {
        "when": {
          "pattern": "wayfinder",
          "material": "resin"
        },
        "model": {
          "type": "minecraft:model",
          "model": "minecraft:item/leather_chestplate/wayfinder/resin",
          "tints": [
            {
              "type": "minecraft:dye",
              "default": -6265536
            }
          ]
        }
      },
      {
        "when": {
          "pattern": "raiser",
          "material": "resin"
        },
        "model": {
          "type": "minecraft:model",
          "model": "minecraft:item/leather_chestplate/raiser/resin",
          "tints": [
            {
              "type": "minecraft:dye",
              "default": -6265536
            }
          ]
        }
      },
      {
        "when": {
          "pattern": "shaper",
          "material": "resin"
        },
        "model": {
          "type": "minecraft:model",
          "model": "minecraft:item/leather_chestplate/shaper/resin",
          "tints": [
            {
              "type": "minecraft:dye",
              "default": -6265536
            }
          ]
        }
      },
      {
        "when": {
          "pattern": "host",
          "material": "resin"
        },
        "model": {
          "type": "minecraft:model",
          "model": "minecraft:item/leather_chestplate/host/resin",
          "tints": [
            {
              "type": "minecraft:dye",
              "default": -6265536
            }
          ]
        }
      },
      {
        "when": {
          "pattern": "ward",
          "material": "resin"
        },
        "model": {
          "type": "minecraft:model",
          "model": "minecraft:item/leather_chestplate/ward/resin",
          "tints": [
            {
              "type": "minecraft:dye",
              "default": -6265536
            }
          ]
        }
      },
      {
        "when": {
          "pattern": "silence",
          "material": "resin"
        },
        "model": {
          "type": "minecraft:model",
          "model": "minecraft:item/leather_chestplate/silence/resin",
          "tints": [
            {
              "type": "minecraft:dye",
              "default": -6265536
            }
          ]
        }
      },
      {
        "when": {
          "pattern": "tide",
          "material": "resin"
        },
        "model": {
          "type": "minecraft:model",
          "model": "minecraft:item/leather_chestplate/tide/resin",
          "tints": [
            {
              "type": "minecraft:dye",
              "default": -6265536
            }
          ]
        }
      },
      {
        "when": {
          "pattern": "snout",
          "material": "resin"
        },
        "model": {
          "type": "minecraft:model",
          "model": "minecraft:item/leather_chestplate/snout/resin",
          "tints": [
            {
              "type": "minecraft:dye",
              "default": -6265536
            }
          ]
        }
      },
      {
        "when": {
          "pattern": "rib",
          "material": "resin"
        },
        "model": {
          "type": "minecraft:model",
          "model": "minecraft:item/leather_chestplate/rib/resin",
          "tints": [
            {
              "type": "minecraft:dye",
              "default": -6265536
            }
          ]
        }
      },
      {
        "when": {
          "pattern": "eye",
          "material": "resin"
        },
        "model": {
          "type": "minecraft:model",
          "model": "minecraft:item/leather_chestplate/eye/resin",
          "tints": [
            {
              "type": "minecraft:dye",
              "default": -6265536
            }
          ]
        }
      },
      {
        "when": {
          "pattern": "spire",
          "material": "resin"
        },
        "model": {
          "type": "minecraft:model",
          "model": "minecraft:item/leather_chestplate/spire/resin",
          "tints": [
            {
              "type": "minecraft:dye",
              "default": -6265536
            }
          ]
        }
      },
      {
        "when": {
          "pattern": "bolt",
          "material": "resin"
        },
        "model": {
          "type": "minecraft:model",
          "model": "minecraft:item/leather_chestplate/bolt/resin",
          "tints": [
            {
              "type": "minecraft:dye",
              "default": -6265536
            }
          ]
        }
      },
      {
        "when": {
          "pattern": "flow",
          "material": "resin"
        },
        "model": {
          "type": "minecraft:model",
          "model": "minecraft:item/leather_chestplate/flow/resin",
          "tints": [
            {
              "type": "minecraft:dye",
              "default": -6265536
            }
          ]
        }
      }
    ],
    "fallback": {
      "type": "minecraft:model",
      "model": "minecraft:item/leather_chestplate",
      "tints": [
        {
          "type": "minecraft:dye",
          "default": -6265536
        }
      ]
    },
    "property": "minecraft:component",
    "component": "minecraft:trim"
  }
}