{
	"credit": "Made with Blockbench",
	"parent": "block/block",
	"textures": {
		"0": "block/bookshelf",
		"1": "block/oak_planks",
		"2": "block/bookshelf_alt",
		"particle": "block/bookshelf"
	},
	"elements": [
		{
			"from": [1, 0, 1],
			"to": [15, 16, 15],
			"faces": {
				"north": {"uv": [1, 0, 15, 16], "texture": "#0", "cullface": "north"},
				"east": {"uv": [1, 0, 15, 16], "texture": "#0", "cullface": "east"},
				"south": {"uv": [1, 0, 15, 16], "texture": "#0", "cullface": "south"},
				"west": {"uv": [1, 0, 15, 16], "texture": "#0", "cullface": "west"},
				"up": {"uv": [1, 1, 15, 15], "texture": "#1", "cullface": "up"},
				"down": {"uv": [1, 1, 15, 15], "texture": "#1", "cullface": "down"}
			}
		},
		{
			"from": [0, 0, 0],
			"to": [1, 16, 1],
			"faces": {
				"north": {"uv": [15, 0, 16, 16], "texture": "#0", "cullface": "north"},
				"east": {"uv": [15, 0, 16, 16], "texture": "#0", "cullface": "north"},
				"south": {"uv": [0, 0, 1, 16], "texture": "#0", "cullface": "west"},
				"west": {"uv": [0, 0, 1, 16], "texture": "#0", "cullface": "west"},
				"up": {"uv": [0, 0, 1, 1], "texture": "#1", "cullface": "up"},
				"down": {"uv": [0, 15, 1, 16], "texture": "#1", "cullface": "down"}
			}
		},
		{
			"from": [0, 15, 0],
			"to": [16, 16, 16],
			"faces": {
				"north": {"uv": [0, 0, 16, 1], "texture": "#0", "cullface": "north"},
				"east": {"uv": [0, 0, 16, 1], "texture": "#0", "cullface": "east"},
				"south": {"uv": [0, 0, 16, 1], "texture": "#0", "cullface": "south"},
				"west": {"uv": [0, 0, 16, 1], "texture": "#0", "cullface": "west"},
				"up": {"uv": [0, 0, 16, 16], "texture": "#1", "cullface": "up"},
				"down": {"uv": [0, 0, 16, 16], "texture": "#2"}
			}
		},
		{
			"from": [0, 0, 0],
			"to": [16, 1, 16],
			"faces": {
				"north": {"uv": [0, 15, 16, 16], "texture": "#0", "cullface": "north"},
				"east": {"uv": [0, 15, 16, 16], "texture": "#0", "cullface": "east"},
				"south": {"uv": [0, 15, 16, 16], "texture": "#0", "cullface": "south"},
				"west": {"uv": [0, 15, 16, 16], "texture": "#0", "cullface": "west"},
				"up": {"uv": [0, 0, 16, 16], "texture": "#2"},
				"down": {"uv": [0, 0, 16, 16], "texture": "#1", "cullface": "down"}
			}
		},
		{
			"from": [0, 0, 15],
			"to": [1, 16, 16],
			"faces": {
				"north": {"uv": [15, 0, 16, 16], "texture": "#0", "cullface": "west"},
				"east": {"uv": [0, 0, 1, 16], "texture": "#0", "cullface": "south"},
				"south": {"uv": [0, 0, 1, 16], "texture": "#0", "cullface": "south"},
				"west": {"uv": [15, 0, 16, 16], "texture": "#0", "cullface": "west"},
				"up": {"uv": [0, 15, 1, 16], "texture": "#1", "cullface": "up"},
				"down": {"uv": [0, 0, 1, 1], "texture": "#1", "cullface": "down"}
			}
		},
		{
			"from": [15, 0, 15],
			"to": [16, 16, 16],
			"faces": {
				"north": {"uv": [0, 0, 1, 16], "texture": "#0", "cullface": "east"},
				"east": {"uv": [0, 0, 1, 16], "texture": "#0", "cullface": "east"},
				"south": {"uv": [15, 0, 16, 16], "texture": "#0", "cullface": "south"},
				"west": {"uv": [15, 0, 16, 16], "texture": "#0", "cullface": "south"},
				"up": {"uv": [15, 15, 16, 16], "texture": "#1", "cullface": "up"},
				"down": {"uv": [15, 0, 16, 1], "texture": "#1", "cullface": "down"}
			}
		},
		{
			"from": [15, 0, 0],
			"to": [16, 16, 1],
			"faces": {
				"north": {"uv": [0, 0, 1, 16], "texture": "#0", "cullface": "north"},
				"east": {"uv": [15, 0, 16, 16], "texture": "#0", "cullface": "east"},
				"south": {"uv": [15, 0, 16, 16], "texture": "#0", "cullface": "east"},
				"west": {"uv": [0, 0, 1, 16], "texture": "#0", "cullface": "north"},
				"up": {"uv": [15, 0, 16, 1], "texture": "#1", "cullface": "up"},
				"down": {"uv": [15, 15, 16, 16], "texture": "#1", "cullface": "down"}
			}
		},
		{
			"from": [1, 7, 15],
			"to": [15, 9, 16],
			"faces": {
				"south": {"uv": [1, 7, 15, 9], "texture": "#0", "cullface": "south"},
				"up": {"uv": [1, 7, 15, 8], "rotation": 180, "texture": "#0", "cullface": "south"},
				"down": {"uv": [1, 8, 15, 9], "rotation": 180, "texture": "#0", "cullface": "south"}
			}
		},
		{
			"from": [1, 7, 0],
			"to": [15, 9, 1],
			"faces": {
				"north": {"uv": [1, 7, 15, 9], "texture": "#0", "cullface": "north"},
				"up": {"uv": [1, 7, 15, 8], "texture": "#0", "cullface": "north"},
				"down": {"uv": [1, 8, 15, 9], "texture": "#0", "cullface": "down"}
			}
		},
		{
			"from": [15, 7, 1],
			"to": [16, 9, 15],
			"faces": {
				"east": {"uv": [1, 7, 15, 9], "texture": "#0", "cullface": "east"},
				"up": {"uv": [1, 7, 15, 8], "rotation": 90, "texture": "#0", "cullface": "east"},
				"down": {"uv": [1, 8, 15, 9], "rotation": 270, "texture": "#0", "cullface": "east"}
			}
		},
		{
			"from": [0, 7, 1],
			"to": [1, 9, 15],
			"faces": {
				"west": {"uv": [1, 7, 15, 9], "texture": "#0", "cullface": "west"},
				"up": {"uv": [1, 7, 15, 8], "rotation": 270, "texture": "#0", "cullface": "west"},
				"down": {"uv": [1, 8, 15, 9], "rotation": 90, "texture": "#0", "cullface": "west"}
			}
		},
		{
			"from": [1, 1, 0.5],
			"to": [7, 4, 1],
			"faces": {
				"north": {"uv": [9, 12, 15, 15], "texture": "#0", "cullface": "north"},
				"east": {"uv": [9, 12, 9.5, 15], "texture": "#0", "cullface": "north"},
				"up": {"uv": [9, 12, 15, 12.5], "rotation": 180, "texture": "#0", "cullface": "north"}
			}
		},
		{
			"from": [8, 1, 0.5],
			"to": [15, 4, 1],
			"faces": {
				"north": {"uv": [1, 12, 8, 15], "texture": "#0", "cullface": "north"},
				"west": {"uv": [7, 12, 7.5, 15], "texture": "#0", "cullface": "north"}
			}
		},
		{
			"from": [13, 5, 0.5],
			"to": [15, 6, 1],
			"faces": {
				"north": {"uv": [1, 10, 3, 11], "texture": "#0", "cullface": "north"},
				"west": {"uv": [2, 10, 2.5, 11], "texture": "#0", "cullface": "north"},
				"up": {"uv": [1, 10, 3, 11], "rotation": 180, "texture": "#0", "cullface": "north"}
			}
		},
		{
			"from": [3, 5, 0.5],
			"to": [5, 6, 1],
			"faces": {
				"north": {"uv": [11, 10, 13, 11], "texture": "#0", "cullface": "north"},
				"east": {"uv": [11, 10, 11.5, 11], "texture": "#0", "cullface": "north"},
				"west": {"uv": [12, 10, 12.5, 11], "texture": "#0", "cullface": "north"},
				"up": {"uv": [11, 10, 13, 10.5], "rotation": 180, "texture": "#0", "cullface": "north"}
			}
		},
		{
			"from": [7, 5, 0.5],
			"to": [12, 6, 1],
			"faces": {
				"north": {"uv": [4, 10, 9, 11], "texture": "#0", "cullface": "north"},
				"east": {"uv": [4, 10, 4.5, 11], "texture": "#0", "cullface": "north"},
				"west": {"uv": [8, 10, 8.5, 11], "texture": "#0", "cullface": "north"},
				"up": {"uv": [4, 10, 9, 10.5], "rotation": 180, "texture": "#0", "cullface": "north"}
			}
		},
		{
			"from": [1, 4, 0.5],
			"to": [5, 5, 1],
			"faces": {
				"north": {"uv": [11, 11, 15, 12], "texture": "#0", "cullface": "north"},
				"east": {"uv": [11, 11, 11.5, 12], "texture": "#0", "cullface": "north"},
				"up": {"uv": [11, 11, 15, 11.5], "rotation": 180, "texture": "#0", "cullface": "north"}
			}
		},
		{
			"from": [8, 6, 0.5],
			"to": [10, 7, 1],
			"faces": {
				"north": {"uv": [6, 9, 8, 10], "texture": "#0", "cullface": "north"},
				"east": {"uv": [6, 9, 6.5, 10], "texture": "#0", "cullface": "north"},
				"west": {"uv": [7, 9, 7.5, 10], "texture": "#0", "cullface": "north"}
			}
		},
		{
			"from": [7, 3, 0.5],
			"to": [8, 4, 1],
			"faces": {
				"north": {"uv": [8, 12, 9, 13], "texture": "#0", "cullface": "north"},
				"down": {"uv": [8, 12, 9, 12.5], "texture": "#0", "cullface": "north"}
			}
		},
		{
			"from": [6, 4, 0.5],
			"to": [15, 5, 1],
			"faces": {
				"north": {"uv": [1, 11, 10, 12], "texture": "#0", "cullface": "north"},
				"west": {"uv": [9, 11, 9.5, 12], "texture": "#0", "cullface": "north"},
				"up": {"uv": [1, 11, 10, 11.5], "rotation": 180, "texture": "#0", "cullface": "north"}
			}
		},
		{
			"from": [1, 9, 0.5],
			"to": [7, 13, 1],
			"faces": {
				"north": {"uv": [9, 3, 15, 7], "texture": "#0", "cullface": "north"},
				"east": {"uv": [9, 3, 9.5, 7], "texture": "#0", "cullface": "north"},
				"up": {"uv": [9, 3, 15, 3.5], "rotation": 180, "texture": "#0", "cullface": "north"}
			}
		},
		{
			"from": [7, 10, 0.5],
			"to": [8, 13, 1],
			"faces": {
				"north": {"uv": [8, 3, 9, 6], "texture": "#0", "cullface": "north"},
				"east": {"uv": [8, 3, 8.5, 6], "texture": "#0", "cullface": "north"},
				"up": {"uv": [8, 3, 9, 3.5], "texture": "#0", "cullface": "north"},
				"down": {"uv": [8, 5, 9, 5.5], "texture": "#0", "cullface": "north"}
			}
		},
		{
			"from": [9, 9, 0.5],
			"to": [10, 12, 1],
			"faces": {
				"north": {"uv": [6, 4, 7, 7], "texture": "#0", "cullface": "north"},
				"west": {"uv": [6, 4, 6.5, 7], "texture": "#0", "cullface": "north"},
				"up": {"uv": [6, 4, 7, 4.5], "texture": "#0", "cullface": "north"}
			}
		},
		{
			"from": [8, 9, 0.5],
			"to": [9, 11, 1],
			"faces": {
				"north": {"uv": [7, 5, 8, 7], "texture": "#0", "cullface": "north"},
				"west": {"uv": [7, 5, 7.5, 7], "texture": "#0", "cullface": "north"},
				"up": {"uv": [7, 5, 8, 5.5], "texture": "#0", "cullface": "north"}
			}
		},
		{
			"from": [10, 9, 0.5],
			"to": [12, 10, 1],
			"faces": {
				"north": {"uv": [4, 6, 6, 7], "texture": "#0", "cullface": "north"},
				"east": {"uv": [4, 6, 4.5, 7], "texture": "#0", "cullface": "north"}
			}
		},
		{
			"from": [13, 9, 0.5],
			"to": [15, 10, 1],
			"faces": {
				"north": {"uv": [1, 6, 3, 7], "texture": "#0", "cullface": "north"},
				"west": {"uv": [2, 6, 2.5, 7], "texture": "#0", "cullface": "north"}
			}
		},
		{
			"from": [10, 10, 0.5],
			"to": [15, 13, 1],
			"faces": {
				"north": {"uv": [1, 3, 6, 6], "texture": "#0", "cullface": "north"},
				"west": {"uv": [5, 3, 5.5, 6], "texture": "#0", "cullface": "north"},
				"up": {"uv": [1, 3, 6, 3.5], "rotation": 180, "texture": "#0", "cullface": "north"},
				"down": {"uv": [1, 5, 6, 5.5], "texture": "#0", "cullface": "north"}
			}
		},
		{
			"from": [2, 13, 0.5],
			"to": [4, 15, 1],
			"faces": {
				"north": {"uv": [12, 1, 14, 3], "texture": "#0", "cullface": "north"},
				"east": {"uv": [12, 1, 12.5, 3], "texture": "#0", "cullface": "north"},
				"west": {"uv": [13, 1, 13.5, 3], "texture": "#0", "cullface": "north"}
			}
		},
		{
			"from": [5, 13, 0.5],
			"to": [7, 14, 1],
			"faces": {
				"north": {"uv": [9, 2, 11, 3], "texture": "#0", "cullface": "north"},
				"east": {"uv": [9, 2, 9.5, 3], "texture": "#0", "cullface": "north"},
				"west": {"uv": [10, 2, 10.5, 3], "texture": "#0", "cullface": "north"},
				"up": {"uv": [9, 2, 11, 2.5], "rotation": 180, "texture": "#0", "cullface": "north"}
			}
		},
		{
			"from": [10, 13, 0.5],
			"to": [12, 14, 1],
			"faces": {
				"north": {"uv": [4, 2, 6, 3], "texture": "#0", "cullface": "north"},
				"east": {"uv": [4, 2, 4.5, 3], "texture": "#0", "cullface": "north"},
				"west": {"uv": [5, 2, 5.5, 3], "texture": "#0", "cullface": "north"},
				"up": {"uv": [4, 2, 6, 2.5], "texture": "#0", "cullface": "north"}
			}
		},
		{
			"from": [0.5, 1, 9],
			"to": [1, 4, 15],
			"faces": {
				"north": {"uv": [9, 12, 9.5, 15], "texture": "#0", "cullface": "west"},
				"west": {"uv": [9, 12, 15, 15], "texture": "#0", "cullface": "west"},
				"up": {"uv": [9, 12, 15, 12.5], "rotation": 90, "texture": "#0", "cullface": "west"}
			}
		},
		{
			"from": [0.5, 1, 1],
			"to": [1, 4, 8],
			"faces": {
				"south": {"uv": [7, 12, 7.5, 15], "texture": "#0", "cullface": "west"},
				"west": {"uv": [1, 12, 8, 15], "texture": "#0", "cullface": "west"}
			}
		},
		{
			"from": [0.5, 5, 1],
			"to": [1, 6, 3],
			"faces": {
				"south": {"uv": [2, 10, 2.5, 11], "texture": "#0", "cullface": "west"},
				"west": {"uv": [1, 10, 3, 11], "texture": "#0", "cullface": "west"},
				"up": {"uv": [1, 10, 3, 11], "rotation": 90, "texture": "#0", "cullface": "west"}
			}
		},
		{
			"from": [0.5, 5, 11],
			"to": [1, 6, 13],
			"faces": {
				"north": {"uv": [11, 10, 11.5, 11], "texture": "#0", "cullface": "west"},
				"south": {"uv": [12, 10, 12.5, 11], "texture": "#0", "cullface": "west"},
				"west": {"uv": [11, 10, 13, 11], "texture": "#0", "cullface": "west"},
				"up": {"uv": [11, 10, 13, 10.5], "rotation": 90, "texture": "#0", "cullface": "west"}
			}
		},
		{
			"from": [0.5, 5, 4],
			"to": [1, 6, 9],
			"faces": {
				"north": {"uv": [4, 10, 4.5, 11], "texture": "#0", "cullface": "west"},
				"south": {"uv": [8, 10, 8.5, 11], "texture": "#0", "cullface": "west"},
				"west": {"uv": [4, 10, 9, 11], "texture": "#0", "cullface": "west"},
				"up": {"uv": [4, 10, 9, 10.5], "rotation": 90, "texture": "#0", "cullface": "west"}
			}
		},
		{
			"from": [0.5, 4, 11],
			"to": [1, 5, 15],
			"faces": {
				"north": {"uv": [11, 11, 11.5, 12], "texture": "#0", "cullface": "west"},
				"west": {"uv": [11, 11, 15, 12], "texture": "#0", "cullface": "west"},
				"up": {"uv": [11, 11, 15, 11.5], "rotation": 90, "texture": "#0", "cullface": "west"}
			}
		},
		{
			"from": [0.5, 6, 6],
			"to": [1, 7, 8],
			"faces": {
				"north": {"uv": [6, 9, 6.5, 10], "texture": "#0", "cullface": "west"},
				"south": {"uv": [7, 9, 7.5, 10], "texture": "#0", "cullface": "west"},
				"west": {"uv": [6, 9, 8, 10], "texture": "#0", "cullface": "west"}
			}
		},
		{
			"from": [0.5, 3, 8],
			"to": [1, 4, 9],
			"faces": {
				"west": {"uv": [8, 12, 9, 13], "texture": "#0", "cullface": "west"},
				"down": {"uv": [8, 12, 9, 12.5], "rotation": 90, "texture": "#0", "cullface": "west"}
			}
		},
		{
			"from": [0.5, 4, 1],
			"to": [1, 5, 10],
			"faces": {
				"south": {"uv": [9, 11, 9.5, 12], "texture": "#0", "cullface": "west"},
				"west": {"uv": [1, 11, 10, 12], "texture": "#0", "cullface": "west"},
				"up": {"uv": [1, 11, 10, 11.5], "rotation": 90, "texture": "#0", "cullface": "west"}
			}
		},
		{
			"from": [0.5, 9, 9],
			"to": [1, 13, 15],
			"faces": {
				"north": {"uv": [9, 3, 9.5, 7], "texture": "#0", "cullface": "west"},
				"west": {"uv": [9, 3, 15, 7], "texture": "#0", "cullface": "west"},
				"up": {"uv": [9, 3, 15, 3.5], "rotation": 90, "texture": "#0", "cullface": "west"}
			}
		},
		{
			"from": [0.5, 10, 8],
			"to": [1, 13, 9],
			"faces": {
				"north": {"uv": [8, 3, 8.5, 6], "texture": "#0", "cullface": "west"},
				"west": {"uv": [8, 3, 9, 6], "texture": "#0", "cullface": "west"},
				"up": {"uv": [8, 3, 9, 3.5], "rotation": 270, "texture": "#0", "cullface": "west"},
				"down": {"uv": [8, 5, 9, 5.5], "rotation": 90, "texture": "#0", "cullface": "west"}
			}
		},
		{
			"from": [0.5, 9, 6],
			"to": [1, 12, 7],
			"faces": {
				"south": {"uv": [6, 4, 6.5, 7], "texture": "#0", "cullface": "west"},
				"west": {"uv": [6, 4, 7, 7], "texture": "#0", "cullface": "west"},
				"up": {"uv": [6, 4, 7, 4.5], "rotation": 270, "texture": "#0", "cullface": "west"}
			}
		},
		{
			"from": [0.5, 9, 7],
			"to": [1, 11, 8],
			"faces": {
				"south": {"uv": [7, 5, 7.5, 7], "texture": "#0", "cullface": "west"},
				"west": {"uv": [7, 5, 8, 7], "texture": "#0", "cullface": "west"},
				"up": {"uv": [7, 5, 8, 5.5], "rotation": 270, "texture": "#0", "cullface": "west"}
			}
		},
		{
			"from": [0.5, 9, 4],
			"to": [1, 10, 6],
			"faces": {
				"north": {"uv": [4, 6, 4.5, 7], "texture": "#0", "cullface": "west"},
				"west": {"uv": [4, 6, 6, 7], "texture": "#0", "cullface": "west"}
			}
		},
		{
			"from": [0.5, 9, 1],
			"to": [1, 10, 3],
			"faces": {
				"south": {"uv": [2, 6, 2.5, 7], "texture": "#0", "cullface": "west"},
				"west": {"uv": [1, 6, 3, 7], "texture": "#0", "cullface": "west"}
			}
		},
		{
			"from": [0.5, 10, 1],
			"to": [1, 13, 6],
			"faces": {
				"south": {"uv": [5, 3, 5.5, 6], "texture": "#0", "cullface": "west"},
				"west": {"uv": [1, 3, 6, 6], "texture": "#0", "cullface": "west"},
				"up": {"uv": [1, 3, 6, 3.5], "rotation": 90, "texture": "#0", "cullface": "west"},
				"down": {"uv": [1, 5, 6, 5.5], "rotation": 90, "texture": "#0", "cullface": "west"}
			}
		},
		{
			"from": [0.5, 13, 12],
			"to": [1, 15, 14],
			"faces": {
				"north": {"uv": [12, 1, 12.5, 3], "texture": "#0", "cullface": "west"},
				"south": {"uv": [13, 1, 13.5, 3], "texture": "#0", "cullface": "west"},
				"west": {"uv": [12, 1, 14, 3], "texture": "#0", "cullface": "west"}
			}
		},
		{
			"from": [0.5, 13, 9],
			"to": [1, 14, 11],
			"faces": {
				"north": {"uv": [9, 2, 9.5, 3], "texture": "#0", "cullface": "west"},
				"south": {"uv": [10, 2, 10.5, 3], "texture": "#0", "cullface": "west"},
				"west": {"uv": [9, 2, 11, 3], "texture": "#0", "cullface": "west"},
				"up": {"uv": [9, 2, 11, 2.5], "rotation": 90, "texture": "#0", "cullface": "west"}
			}
		},
		{
			"from": [0.5, 13, 4],
			"to": [1, 14, 6],
			"faces": {
				"north": {"uv": [4, 2, 4.5, 3], "texture": "#0", "cullface": "west"},
				"south": {"uv": [5, 2, 5.5, 3], "texture": "#0", "cullface": "west"},
				"west": {"uv": [4, 2, 6, 3], "texture": "#0", "cullface": "west"},
				"up": {"uv": [4, 2, 6, 2.5], "rotation": 270, "texture": "#0", "cullface": "west"}
			}
		},
		{
			"from": [9, 1, 15],
			"to": [15, 4, 15.5],
			"faces": {
				"south": {"uv": [9, 12, 15, 15], "texture": "#0", "cullface": "south"},
				"west": {"uv": [9, 12, 9.5, 15], "texture": "#0", "cullface": "south"},
				"up": {"uv": [9, 12, 15, 12.5], "texture": "#0", "cullface": "south"}
			}
		},
		{
			"from": [1, 1, 15],
			"to": [8, 4, 15.5],
			"faces": {
				"east": {"uv": [7, 12, 7.5, 15], "texture": "#0", "cullface": "south"},
				"south": {"uv": [1, 12, 8, 15], "texture": "#0", "cullface": "south"}
			}
		},
		{
			"from": [1, 5, 15],
			"to": [3, 6, 15.5],
			"faces": {
				"east": {"uv": [2, 10, 2.5, 11], "texture": "#0", "cullface": "south"},
				"south": {"uv": [1, 10, 3, 11], "texture": "#0", "cullface": "south"},
				"up": {"uv": [1, 10, 3, 11], "texture": "#0", "cullface": "south"}
			}
		},
		{
			"from": [11, 5, 15],
			"to": [13, 6, 15.5],
			"faces": {
				"east": {"uv": [12, 10, 12.5, 11], "texture": "#0", "cullface": "south"},
				"south": {"uv": [11, 10, 13, 11], "texture": "#0", "cullface": "south"},
				"west": {"uv": [11, 10, 11.5, 11], "texture": "#0", "cullface": "south"},
				"up": {"uv": [11, 10, 13, 10.5], "texture": "#0", "cullface": "south"}
			}
		},
		{
			"from": [4, 5, 15],
			"to": [9, 6, 15.5],
			"faces": {
				"east": {"uv": [8, 10, 8.5, 11], "texture": "#0", "cullface": "south"},
				"south": {"uv": [4, 10, 9, 11], "texture": "#0", "cullface": "south"},
				"west": {"uv": [4, 10, 4.5, 11], "texture": "#0", "cullface": "south"},
				"up": {"uv": [4, 10, 9, 10.5], "texture": "#0", "cullface": "south"}
			}
		},
		{
			"from": [11, 4, 15],
			"to": [15, 5, 15.5],
			"faces": {
				"south": {"uv": [11, 11, 15, 12], "texture": "#0", "cullface": "south"},
				"west": {"uv": [11, 11, 11.5, 12], "texture": "#0", "cullface": "south"},
				"up": {"uv": [11, 11, 15, 11.5], "texture": "#0", "cullface": "south"}
			}
		},
		{
			"from": [6, 6, 15],
			"to": [8, 7, 15.5],
			"faces": {
				"east": {"uv": [7, 9, 7.5, 10], "texture": "#0", "cullface": "south"},
				"south": {"uv": [6, 9, 8, 10], "texture": "#0", "cullface": "south"},
				"west": {"uv": [6, 9, 6.5, 10], "texture": "#0", "cullface": "south"}
			}
		},
		{
			"from": [8, 3, 15],
			"to": [9, 4, 15.5],
			"faces": {
				"south": {"uv": [8, 12, 9, 13], "texture": "#0", "cullface": "south"},
				"down": {"uv": [8, 12, 9, 12.5], "rotation": 180, "texture": "#0", "cullface": "south"}
			}
		},
		{
			"from": [1, 4, 15],
			"to": [10, 5, 15.5],
			"faces": {
				"east": {"uv": [9, 11, 9.5, 12], "texture": "#0", "cullface": "south"},
				"south": {"uv": [1, 11, 10, 12], "texture": "#0", "cullface": "south"},
				"up": {"uv": [1, 11, 10, 11.5], "texture": "#0", "cullface": "south"}
			}
		},
		{
			"from": [9, 9, 15],
			"to": [15, 13, 15.5],
			"faces": {
				"south": {"uv": [9, 3, 15, 7], "texture": "#0", "cullface": "south"},
				"west": {"uv": [9, 3, 9.5, 7], "texture": "#0", "cullface": "south"},
				"up": {"uv": [9, 3, 15, 3.5], "texture": "#0", "cullface": "south"}
			}
		},
		{
			"from": [8, 10, 15],
			"to": [9, 13, 15.5],
			"faces": {
				"south": {"uv": [8, 3, 9, 6], "texture": "#0", "cullface": "south"},
				"west": {"uv": [8, 3, 8.5, 6], "texture": "#0", "cullface": "south"},
				"up": {"uv": [8, 3, 9, 3.5], "rotation": 180, "texture": "#0", "cullface": "south"},
				"down": {"uv": [8, 5, 9, 5.5], "rotation": 180, "texture": "#0", "cullface": "south"}
			}
		},
		{
			"from": [6, 9, 15],
			"to": [7, 12, 15.5],
			"faces": {
				"east": {"uv": [6, 4, 6.5, 7], "texture": "#0", "cullface": "south"},
				"south": {"uv": [6, 4, 7, 7], "texture": "#0", "cullface": "south"},
				"up": {"uv": [6, 4, 7, 4.5], "rotation": 180, "texture": "#0", "cullface": "south"}
			}
		},
		{
			"from": [7, 9, 15],
			"to": [8, 11, 15.5],
			"faces": {
				"east": {"uv": [7, 5, 7.5, 7], "texture": "#0", "cullface": "south"},
				"south": {"uv": [7, 5, 8, 7], "texture": "#0", "cullface": "south"},
				"up": {"uv": [7, 5, 8, 5.5], "rotation": 180, "texture": "#0", "cullface": "south"}
			}
		},
		{
			"from": [4, 9, 15],
			"to": [6, 10, 15.5],
			"faces": {
				"south": {"uv": [4, 6, 6, 7], "texture": "#0", "cullface": "south"},
				"west": {"uv": [4, 6, 4.5, 7], "texture": "#0", "cullface": "south"}
			}
		},
		{
			"from": [1, 9, 15],
			"to": [3, 10, 15.5],
			"faces": {
				"east": {"uv": [2, 6, 2.5, 7], "texture": "#0", "cullface": "south"},
				"south": {"uv": [1, 6, 3, 7], "texture": "#0", "cullface": "south"}
			}
		},
		{
			"from": [1, 10, 15],
			"to": [6, 13, 15.5],
			"faces": {
				"east": {"uv": [5, 3, 5.5, 6], "texture": "#0", "cullface": "south"},
				"south": {"uv": [1, 3, 6, 6], "texture": "#0", "cullface": "south"},
				"up": {"uv": [1, 3, 6, 3.5], "texture": "#0", "cullface": "south"},
				"down": {"uv": [1, 5, 6, 5.5], "rotation": 180, "texture": "#0", "cullface": "south"}
			}
		},
		{
			"from": [12, 13, 15],
			"to": [14, 15, 15.5],
			"faces": {
				"east": {"uv": [13, 1, 13.5, 3], "texture": "#0", "cullface": "south"},
				"south": {"uv": [12, 1, 14, 3], "texture": "#0", "cullface": "south"},
				"west": {"uv": [12, 1, 12.5, 3], "texture": "#0", "cullface": "south"}
			}
		},
		{
			"from": [9, 13, 15],
			"to": [11, 14, 15.5],
			"faces": {
				"east": {"uv": [10, 2, 10.5, 3], "texture": "#0", "cullface": "south"},
				"south": {"uv": [9, 2, 11, 3], "texture": "#0", "cullface": "south"},
				"west": {"uv": [9, 2, 9.5, 3], "texture": "#0", "cullface": "south"},
				"up": {"uv": [9, 2, 11, 2.5], "texture": "#0", "cullface": "south"}
			}
		},
		{
			"from": [4, 13, 15],
			"to": [6, 14, 15.5],
			"faces": {
				"east": {"uv": [5, 2, 5.5, 3], "texture": "#0", "cullface": "south"},
				"south": {"uv": [4, 2, 6, 3], "texture": "#0", "cullface": "south"},
				"west": {"uv": [4, 2, 4.5, 3], "texture": "#0", "cullface": "south"},
				"up": {"uv": [4, 2, 6, 2.5], "rotation": 180, "texture": "#0", "cullface": "south"}
			}
		},
		{
			"from": [15, 1, 1],
			"to": [15.5, 4, 7],
			"faces": {
				"east": {"uv": [9, 12, 15, 15], "texture": "#0", "cullface": "east"},
				"south": {"uv": [9, 12, 9.5, 15], "texture": "#0", "cullface": "east"},
				"up": {"uv": [9, 12, 15, 12.5], "rotation": 270, "texture": "#0", "cullface": "east"}
			}
		},
		{
			"from": [15, 1, 8],
			"to": [15.5, 4, 15],
			"faces": {
				"north": {"uv": [7, 12, 7.5, 15], "texture": "#0", "cullface": "east"},
				"east": {"uv": [1, 12, 8, 15], "texture": "#0", "cullface": "east"}
			}
		},
		{
			"from": [15, 5, 13],
			"to": [15.5, 6, 15],
			"faces": {
				"north": {"uv": [2, 10, 2.5, 11], "texture": "#0", "cullface": "east"},
				"east": {"uv": [1, 10, 3, 11], "texture": "#0", "cullface": "east"},
				"up": {"uv": [1, 10, 3, 11], "rotation": 270, "texture": "#0", "cullface": "east"}
			}
		},
		{
			"from": [15, 5, 3],
			"to": [15.5, 6, 5],
			"faces": {
				"north": {"uv": [12, 10, 12.5, 11], "texture": "#0", "cullface": "east"},
				"east": {"uv": [11, 10, 13, 11], "texture": "#0", "cullface": "east"},
				"south": {"uv": [11, 10, 11.5, 11], "texture": "#0", "cullface": "east"},
				"up": {"uv": [11, 10, 13, 10.5], "rotation": 270, "texture": "#0", "cullface": "east"}
			}
		},
		{
			"from": [15, 5, 7],
			"to": [15.5, 6, 12],
			"faces": {
				"north": {"uv": [8, 10, 8.5, 11], "texture": "#0", "cullface": "east"},
				"east": {"uv": [4, 10, 9, 11], "texture": "#0", "cullface": "east"},
				"south": {"uv": [4, 10, 4.5, 11], "texture": "#0", "cullface": "east"},
				"up": {"uv": [4, 10, 9, 10.5], "rotation": 270, "texture": "#0", "cullface": "east"}
			}
		},
		{
			"from": [15, 4, 1],
			"to": [15.5, 5, 5],
			"faces": {
				"east": {"uv": [11, 11, 15, 12], "texture": "#0", "cullface": "east"},
				"south": {"uv": [11, 11, 11.5, 12], "texture": "#0", "cullface": "east"},
				"up": {"uv": [11, 11, 15, 11.5], "rotation": 270, "texture": "#0", "cullface": "east"}
			}
		},
		{
			"from": [15, 6, 8],
			"to": [15.5, 7, 10],
			"faces": {
				"north": {"uv": [7, 9, 7.5, 10], "texture": "#0", "cullface": "east"},
				"east": {"uv": [6, 9, 8, 10], "texture": "#0", "cullface": "east"},
				"south": {"uv": [6, 9, 6.5, 10], "texture": "#0", "cullface": "east"}
			}
		},
		{
			"from": [15, 3, 7],
			"to": [15.5, 4, 8],
			"faces": {
				"east": {"uv": [8, 12, 9, 13], "texture": "#0", "cullface": "east"},
				"down": {"uv": [8, 12, 9, 12.5], "rotation": 270, "texture": "#0", "cullface": "east"}
			}
		},
		{
			"from": [15, 4, 6],
			"to": [15.5, 5, 15],
			"faces": {
				"north": {"uv": [9, 11, 9.5, 12], "texture": "#0", "cullface": "east"},
				"east": {"uv": [1, 11, 10, 12], "texture": "#0", "cullface": "east"},
				"up": {"uv": [1, 11, 10, 11.5], "rotation": 270, "texture": "#0", "cullface": "east"}
			}
		},
		{
			"from": [15, 9, 1],
			"to": [15.5, 13, 7],
			"faces": {
				"east": {"uv": [9, 3, 15, 7], "texture": "#0", "cullface": "east"},
				"south": {"uv": [9, 3, 9.5, 7], "texture": "#0", "cullface": "east"},
				"up": {"uv": [9, 3, 15, 3.5], "rotation": 270, "texture": "#0", "cullface": "east"}
			}
		},
		{
			"from": [15, 10, 7],
			"to": [15.5, 13, 8],
			"faces": {
				"east": {"uv": [8, 3, 9, 6], "texture": "#0", "cullface": "east"},
				"south": {"uv": [8, 3, 8.5, 6], "texture": "#0", "cullface": "east"},
				"up": {"uv": [8, 3, 9, 3.5], "rotation": 90, "texture": "#0", "cullface": "east"},
				"down": {"uv": [8, 5, 9, 5.5], "rotation": 270, "texture": "#0", "cullface": "east"}
			}
		},
		{
			"from": [15, 9, 9],
			"to": [15.5, 12, 10],
			"faces": {
				"north": {"uv": [6, 4, 6.5, 7], "texture": "#0", "cullface": "east"},
				"east": {"uv": [6, 4, 7, 7], "texture": "#0", "cullface": "east"},
				"up": {"uv": [6, 4, 7, 4.5], "rotation": 90, "texture": "#0", "cullface": "east"}
			}
		},
		{
			"from": [15, 9, 8],
			"to": [15.5, 11, 9],
			"faces": {
				"north": {"uv": [7, 5, 7.5, 7], "texture": "#0", "cullface": "east"},
				"east": {"uv": [7, 5, 8, 7], "texture": "#0", "cullface": "east"},
				"up": {"uv": [7, 5, 8, 5.5], "rotation": 90, "texture": "#0", "cullface": "east"}
			}
		},
		{
			"from": [15, 9, 10],
			"to": [15.5, 10, 12],
			"faces": {
				"east": {"uv": [4, 6, 6, 7], "texture": "#0", "cullface": "east"},
				"south": {"uv": [4, 6, 4.5, 7], "texture": "#0", "cullface": "east"}
			}
		},
		{
			"from": [15, 9, 13],
			"to": [15.5, 10, 15],
			"faces": {
				"north": {"uv": [2, 6, 2.5, 7], "texture": "#0", "cullface": "east"},
				"east": {"uv": [1, 6, 3, 7], "texture": "#0", "cullface": "east"}
			}
		},
		{
			"from": [15, 10, 10],
			"to": [15.5, 13, 15],
			"faces": {
				"north": {"uv": [5, 3, 5.5, 6], "texture": "#0", "cullface": "east"},
				"east": {"uv": [1, 3, 6, 6], "texture": "#0", "cullface": "east"},
				"up": {"uv": [1, 3, 6, 3.5], "rotation": 270, "texture": "#0", "cullface": "east"},
				"down": {"uv": [1, 5, 6, 5.5], "rotation": 270, "texture": "#0", "cullface": "east"}
			}
		},
		{
			"from": [15, 13, 2],
			"to": [15.5, 15, 4],
			"faces": {
				"north": {"uv": [13, 1, 13.5, 3], "texture": "#0", "cullface": "east"},
				"east": {"uv": [12, 1, 14, 3], "texture": "#0", "cullface": "east"},
				"south": {"uv": [12, 1, 12.5, 3], "texture": "#0", "cullface": "east"}
			}
		},
		{
			"from": [15, 13, 5],
			"to": [15.5, 14, 7],
			"faces": {
				"north": {"uv": [10, 2, 10.5, 3], "texture": "#0", "cullface": "east"},
				"east": {"uv": [9, 2, 11, 3], "texture": "#0", "cullface": "east"},
				"south": {"uv": [9, 2, 9.5, 3], "texture": "#0", "cullface": "east"},
				"up": {"uv": [9, 2, 11, 2.5], "rotation": 270, "texture": "#0", "cullface": "east"}
			}
		},
		{
			"from": [15, 13, 10],
			"to": [15.5, 14, 12],
			"faces": {
				"north": {"uv": [5, 2, 5.5, 3], "texture": "#0", "cullface": "east"},
				"east": {"uv": [4, 2, 6, 3], "texture": "#0", "cullface": "east"},
				"south": {"uv": [4, 2, 4.5, 3], "texture": "#0", "cullface": "east"},
				"up": {"uv": [4, 2, 6, 2.5], "rotation": 90, "texture": "#0", "cullface": "east"}
			}
		}
	],
	"groups": [0, 1, 2, 3, 4, 5, 6, 7, 8, 9, 10,
		{
			"name": "north",
			"origin": [8, 8, 8],
			"children": [11, 12, 13, 14, 15, 16, 17, 18, 19, 20, 21, 22, 23, 24, 25, 26, 27, 28, 29]
		},
		{
			"name": "west",
			"origin": [8, 8, 8],
			"children": [30, 31, 32, 33, 34, 35, 36, 37, 38, 39, 40, 41, 42, 43, 44, 45, 46, 47, 48]
		},
		{
			"name": "south",
			"origin": [8, 8, 8],
			"children": [49, 50, 51, 52, 53, 54, 55, 56, 57, 58, 59, 60, 61, 62, 63, 64, 65, 66, 67]
		},
		{
			"name": "east",
			"origin": [8, 8, 8],
			"children": [68, 69, 70, 71, 72, 73, 74, 75, 76, 77, 78, 79, 80, 81, 82, 83, 84, 85, 86]
		}
	]
}