{
	"credit": "Made with Blockbench",
	"ambientocclusion": false,
	"textures": {
		"slab": "block/smooth_stone",
		"top": "block/comparator",
		"particle": "block/comparator",
		"unlit": "block/redstone_torch_off"
	},
	"elements": [
		{
			"from": [0, 0, 0],
			"to": [16, 2, 11],
			"faces": {
				"north": {"uv": [0, 14, 16, 16], "texture": "#slab", "cullface": "north"},
				"east": {"uv": [5, 14, 16, 16], "texture": "#slab", "cullface": "east"},
				"south": {"uv": [0, 14, 16, 16], "texture": "#slab", "cullface": "south"},
				"west": {"uv": [0, 14, 11, 16], "texture": "#slab", "cullface": "west"},
				"up": {"uv": [0, 0, 16, 11], "texture": "#top"},
				"down": {"uv": [0, 5, 16, 16], "texture": "#slab", "cullface": "down"}
			}
		},
		{
			"from": [0, 0, 13],
			"to": [16, 2, 16],
			"faces": {
				"north": {"uv": [0, 14, 16, 16], "texture": "#slab", "cullface": "north"},
				"east": {"uv": [0, 14, 3, 16], "texture": "#slab", "cullface": "east"},
				"south": {"uv": [0, 14, 16, 16], "texture": "#slab", "cullface": "south"},
				"west": {"uv": [13, 14, 16, 16], "texture": "#slab", "cullface": "west"},
				"up": {"uv": [0, 13, 16, 16], "texture": "#top"},
				"down": {"uv": [0, 0, 16, 3], "texture": "#slab", "cullface": "down"}
			}
		},
		{
			"from": [0, 0, 11],
			"to": [4, 2, 13],
			"faces": {
				"west": {"uv": [11, 14, 13, 16], "texture": "#slab", "cullface": "west"},
				"up": {"uv": [0, 11, 4, 13], "texture": "#top"},
				"down": {"uv": [0, 3, 4, 5], "texture": "#slab", "cullface": "down"}
			}
		},
		{
			"from": [12, 0, 11],
			"to": [16, 2, 13],
			"faces": {
				"east": {"uv": [3, 14, 5, 16], "texture": "#slab", "cullface": "east"},
				"up": {"uv": [12, 11, 16, 13], "texture": "#top"},
				"down": {"uv": [12, 3, 16, 5], "texture": "#slab", "cullface": "down"}
			}
		},
		{
			"from": [4, 0, 11],
			"to": [12, 1, 13],
			"faces": {
				"up": {"uv": [4, 11, 12, 13], "texture": "#top"},
				"down": {"uv": [4, 3, 12, 5], "texture": "#slab", "cullface": "down"}
			}
		},
		{
			"from": [4, 1, 11],
			"to": [6, 7, 13],
			"faces": {
				"north": {"uv": [7, 6, 9, 12], "texture": "#unlit"},
				"east": {"uv": [7, 6, 9, 12], "texture": "#unlit"},
				"south": {"uv": [7, 6, 9, 12], "texture": "#unlit"},
				"west": {"uv": [7, 6, 9, 12], "texture": "#unlit"},
				"up": {"uv": [7, 6, 9, 8], "texture": "#unlit"},
				"down": {"uv": [7, 13, 9, 15], "texture": "#unlit"}
			}
		},
		{
			"from": [10, 1, 11],
			"to": [12, 7, 13],
			"faces": {
				"north": {"uv": [7, 6, 9, 12], "texture": "#unlit"},
				"east": {"uv": [7, 6, 9, 12], "texture": "#unlit"},
				"south": {"uv": [7, 6, 9, 12], "texture": "#unlit"},
				"west": {"uv": [7, 6, 9, 12], "texture": "#unlit"},
				"up": {"uv": [7, 6, 9, 8], "texture": "#unlit"},
				"down": {"uv": [7, 13, 9, 15], "texture": "#unlit"}
			}
		},
		{
			"from": [7, 2, 2],
			"to": [9, 4, 4],
			"faces": {
				"north": {"uv": [7, 6, 9, 8], "texture": "#unlit"},
				"east": {"uv": [7, 6, 9, 8], "texture": "#unlit"},
				"south": {"uv": [7, 6, 9, 8], "texture": "#unlit"},
				"west": {"uv": [7, 6, 9, 8], "texture": "#unlit"},
				"up": {"uv": [7, 6, 9, 8], "texture": "#unlit"},
				"down": {"uv": [7, 13, 9, 15], "texture": "#unlit"}
			}
		}
	],
	"display": {
		"thirdperson_righthand": {
			"rotation": [75, 45, 0],
			"translation": [0, 2.5, 2.5],
			"scale": [0.375, 0.375, 0.375]
		},
		"thirdperson_lefthand": {
			"rotation": [75, 45, 0],
			"translation": [0, 2.5, 2.5],
			"scale": [0.375, 0.375, 0.375]
		},
		"firstperson_righthand": {
			"rotation": [0, 45, 0],
			"translation": [0, 4, 0],
			"scale": [0.4, 0.4, 0.4]
		},
		"firstperson_lefthand": {
			"rotation": [0, 45, 0],
			"translation": [0, 4, 0],
			"scale": [0.4, 0.4, 0.4]
		},
		"ground": {
			"translation": [0, 3, 0],
			"scale": [0.25, 0.25, 0.25]
		},
		"gui": {
			"rotation": [30, 225, 0],
			"scale": [0.625, 0.625, 0.625]
		},
		"head": {
			"translation": [0, 14.4, 0],
			"scale": [0.9, 0.9, 0.9]
		},
		"fixed": {
			"scale": [0.5, 0.5, 0.5]
		}
	}
}