{
	"credit": "Made with Blockbench",
	"parent": "block/block",
	"textures": {
		"0": "block/spawner",
		"particle": "block/spawner"
	},
	"elements": [
		{
			"from": [13, 15, 1],
			"to": [14, 16, 15],
			"faces": {
				"east": {"uv": [13, 1, 14, 15], "rotation": 90, "texture": "#0"},
				"west": {"uv": [13, 1, 14, 15], "rotation": 270, "texture": "#0"},
				"up": {"uv": [13, 1, 14, 15], "texture": "#0"},
				"down": {"uv": [2, 1, 3, 15], "rotation": 180, "texture": "#0"}
			}
		},
		{
			"from": [2, 15, 1],
			"to": [3, 16, 15],
			"faces": {
				"east": {"uv": [2, 1, 3, 15], "rotation": 90, "texture": "#0"},
				"west": {"uv": [2, 1, 3, 15], "rotation": 270, "texture": "#0"},
				"up": {"uv": [2, 1, 3, 15], "texture": "#0"},
				"down": {"uv": [13, 1, 14, 15], "rotation": 180, "texture": "#0"}
			}
		},
		{
			"from": [6, 15, 1],
			"to": [7, 16, 15],
			"faces": {
				"east": {"uv": [6, 1, 7, 15], "rotation": 90, "texture": "#0"},
				"west": {"uv": [6, 1, 7, 15], "rotation": 270, "texture": "#0"},
				"up": {"uv": [6, 1, 7, 15], "texture": "#0"},
				"down": {"uv": [9, 1, 10, 15], "rotation": 180, "texture": "#0"}
			}
		},
		{
			"from": [9, 15, 1],
			"to": [10, 16, 15],
			"faces": {
				"east": {"uv": [9, 1, 10, 15], "rotation": 90, "texture": "#0"},
				"west": {"uv": [9, 1, 10, 15], "rotation": 270, "texture": "#0"},
				"up": {"uv": [9, 1, 10, 15], "texture": "#0"},
				"down": {"uv": [6, 1, 7, 15], "rotation": 180, "texture": "#0"}
			}
		},
		{
			"from": [1, 15, 3],
			"to": [15, 16, 4],
			"faces": {
				"north": {"uv": [1, 3, 15, 4], "rotation": 180, "texture": "#0"},
				"south": {"uv": [1, 3, 15, 4], "texture": "#0"},
				"up": {"uv": [1, 3, 15, 4], "texture": "#0"},
				"down": {"uv": [1, 3, 15, 4], "rotation": 180, "texture": "#0"}
			}
		},
		{
			"from": [1, 15, 7],
			"to": [15, 16, 8],
			"faces": {
				"north": {"uv": [1, 7, 15, 8], "rotation": 180, "texture": "#0"},
				"south": {"uv": [1, 7, 15, 8], "texture": "#0"},
				"up": {"uv": [1, 7, 15, 8], "texture": "#0"},
				"down": {"uv": [1, 7, 15, 8], "rotation": 180, "texture": "#0"}
			}
		},
		{
			"from": [1, 15, 11],
			"to": [15, 16, 12],
			"faces": {
				"north": {"uv": [1, 11, 15, 12], "rotation": 180, "texture": "#0"},
				"south": {"uv": [1, 11, 15, 12], "texture": "#0"},
				"up": {"uv": [1, 11, 15, 12], "texture": "#0"},
				"down": {"uv": [1, 11, 15, 12], "rotation": 180, "texture": "#0"}
			}
		},
		{
			"from": [1, 15, 13],
			"to": [2, 16, 14],
			"faces": {
				"north": {"uv": [1, 13, 2, 14], "rotation": 180, "texture": "#0"},
				"south": {"uv": [1, 13, 2, 14], "texture": "#0"},
				"up": {"uv": [1, 13, 2, 14], "texture": "#0"},
				"down": {"uv": [14, 13, 15, 14], "rotation": 180, "texture": "#0"}
			}
		},
		{
			"from": [5, 15, 13],
			"to": [6, 16, 14],
			"faces": {
				"north": {"uv": [5, 13, 6, 14], "rotation": 180, "texture": "#0"},
				"south": {"uv": [5, 13, 6, 14], "texture": "#0"},
				"west": {"uv": [5, 13, 6, 14], "rotation": 270, "texture": "#0"},
				"up": {"uv": [5, 13, 6, 14], "texture": "#0"},
				"down": {"uv": [10, 13, 11, 14], "rotation": 180, "texture": "#0"}
			}
		},
		{
			"from": [10, 15, 13],
			"to": [11, 16, 14],
			"faces": {
				"north": {"uv": [10, 13, 11, 14], "rotation": 180, "texture": "#0"},
				"east": {"uv": [10, 13, 11, 14], "rotation": 90, "texture": "#0"},
				"south": {"uv": [10, 13, 11, 14], "texture": "#0"},
				"up": {"uv": [10, 13, 11, 14], "texture": "#0"},
				"down": {"uv": [5, 13, 6, 14], "rotation": 180, "texture": "#0"}
			}
		},
		{
			"from": [14, 15, 13],
			"to": [15, 16, 14],
			"faces": {
				"north": {"uv": [14, 13, 15, 14], "rotation": 180, "texture": "#0"},
				"south": {"uv": [14, 13, 15, 14], "texture": "#0"},
				"up": {"uv": [14, 13, 15, 14], "texture": "#0"},
				"down": {"uv": [1, 13, 2, 14], "rotation": 180, "texture": "#0"}
			}
		},
		{
			"from": [10, 15, 1],
			"to": [11, 16, 2],
			"faces": {
				"east": {"uv": [10, 1, 11, 2], "rotation": 90, "texture": "#0"},
				"south": {"uv": [10, 1, 11, 2], "texture": "#0"},
				"up": {"uv": [10, 1, 11, 2], "texture": "#0"},
				"down": {"uv": [5, 1, 6, 2], "rotation": 180, "texture": "#0"}
			}
		},
		{
			"from": [5, 15, 1],
			"to": [6, 16, 2],
			"faces": {
				"south": {"uv": [5, 1, 6, 2], "texture": "#0"},
				"west": {"uv": [5, 1, 6, 2], "rotation": 270, "texture": "#0"},
				"up": {"uv": [5, 1, 6, 2], "texture": "#0"},
				"down": {"uv": [10, 1, 11, 2], "rotation": 180, "texture": "#0"}
			}
		},
		{
			"from": [5, 15, 6],
			"to": [11, 16, 10],
			"faces": {
				"north": {"uv": [5, 6, 11, 7], "rotation": 180, "texture": "#0"},
				"east": {"uv": [10, 6, 11, 10], "rotation": 90, "texture": "#0"},
				"south": {"uv": [5, 9, 11, 10], "texture": "#0"},
				"west": {"uv": [5, 6, 6, 10], "rotation": 270, "texture": "#0"},
				"up": {"uv": [5, 6, 11, 10], "texture": "#0"},
				"down": {"uv": [5, 6, 11, 10], "rotation": 180, "texture": "#0"}
			}
		},
		{
			"from": [7, 15, 10],
			"to": [9, 16, 11],
			"faces": {
				"east": {"uv": [0, 10, 1, 11], "rotation": 90, "texture": "#0"},
				"west": {"uv": [15, 10, 16, 11], "rotation": 270, "texture": "#0"},
				"up": {"uv": [7, 10, 9, 11], "texture": "#0"},
				"down": {"uv": [7, 10, 9, 11], "rotation": 180, "texture": "#0"}
			}
		},
		{
			"from": [12, 15, 4],
			"to": [15, 16, 6],
			"faces": {
				"east": {"uv": [0, 4, 1, 6], "rotation": 90, "texture": "#0"},
				"south": {"uv": [12, 5, 15, 6], "texture": "#0"},
				"west": {"uv": [12, 4, 13, 6], "rotation": 270, "texture": "#0"},
				"up": {"uv": [12, 4, 15, 6], "texture": "#0"},
				"down": {"uv": [1, 4, 4, 6], "rotation": 180, "texture": "#0"}
			}
		},
		{
			"from": [1, 15, 4],
			"to": [4, 16, 6],
			"faces": {
				"east": {"uv": [3, 4, 4, 6], "rotation": 90, "texture": "#0"},
				"south": {"uv": [1, 5, 4, 6], "texture": "#0"},
				"west": {"uv": [1, 4, 2, 6], "rotation": 270, "texture": "#0"},
				"up": {"uv": [1, 4, 4, 6], "texture": "#0"},
				"down": {"uv": [12, 4, 15, 6], "rotation": 180, "texture": "#0"}
			}
		},
		{
			"from": [3, 15, 9],
			"to": [4, 16, 10],
			"faces": {
				"north": {"uv": [3, 9, 4, 10], "rotation": 180, "texture": "#0"},
				"east": {"uv": [3, 9, 4, 10], "rotation": 90, "texture": "#0"},
				"south": {"uv": [3, 9, 4, 10], "texture": "#0"},
				"west": {"uv": [15, 9, 16, 10], "rotation": 270, "texture": "#0"},
				"up": {"uv": [3, 9, 4, 10], "texture": "#0"},
				"down": {"uv": [12, 9, 13, 10], "rotation": 180, "texture": "#0"}
			}
		},
		{
			"from": [12, 15, 9],
			"to": [13, 16, 10],
			"faces": {
				"north": {"uv": [12, 9, 13, 10], "rotation": 180, "texture": "#0"},
				"south": {"uv": [12, 9, 13, 10], "texture": "#0"},
				"west": {"uv": [12, 9, 13, 10], "rotation": 270, "texture": "#0"},
				"up": {"uv": [12, 9, 13, 10], "texture": "#0"},
				"down": {"uv": [3, 9, 4, 10], "rotation": 180, "texture": "#0"}
			}
		},
		{
			"from": [13, 0, 1],
			"to": [14, 1, 15],
			"faces": {
				"east": {"uv": [13, 1, 14, 15], "rotation": 270, "texture": "#0"},
				"west": {"uv": [13, 1, 14, 15], "rotation": 90, "texture": "#0"},
				"up": {"uv": [2, 1, 3, 15], "rotation": 180, "texture": "#0"},
				"down": {"uv": [13, 1, 14, 15], "texture": "#0"}
			}
		},
		{
			"from": [2, 0, 1],
			"to": [3, 1, 15],
			"faces": {
				"east": {"uv": [2, 1, 3, 15], "rotation": 270, "texture": "#0"},
				"west": {"uv": [2, 1, 3, 15], "rotation": 90, "texture": "#0"},
				"up": {"uv": [13, 1, 14, 15], "rotation": 180, "texture": "#0"},
				"down": {"uv": [2, 1, 3, 15], "texture": "#0"}
			}
		},
		{
			"from": [6, 0, 1],
			"to": [7, 1, 15],
			"faces": {
				"east": {"uv": [6, 1, 7, 15], "rotation": 270, "texture": "#0"},
				"west": {"uv": [6, 1, 7, 15], "rotation": 90, "texture": "#0"},
				"up": {"uv": [9, 1, 10, 15], "rotation": 180, "texture": "#0"},
				"down": {"uv": [6, 1, 7, 15], "texture": "#0"}
			}
		},
		{
			"from": [9, 0, 1],
			"to": [10, 1, 15],
			"faces": {
				"east": {"uv": [9, 1, 10, 15], "rotation": 270, "texture": "#0"},
				"west": {"uv": [9, 1, 10, 15], "rotation": 90, "texture": "#0"},
				"up": {"uv": [6, 1, 7, 15], "rotation": 180, "texture": "#0"},
				"down": {"uv": [9, 1, 10, 15], "texture": "#0"}
			}
		},
		{
			"from": [1, 0, 12],
			"to": [15, 1, 13],
			"faces": {
				"north": {"uv": [1, 3, 15, 4], "rotation": 180, "texture": "#0"},
				"south": {"uv": [1, 3, 15, 4], "texture": "#0"},
				"up": {"uv": [1, 3, 15, 4], "rotation": 180, "texture": "#0"},
				"down": {"uv": [1, 3, 15, 4], "texture": "#0"}
			}
		},
		{
			"from": [1, 0, 8],
			"to": [15, 1, 9],
			"faces": {
				"north": {"uv": [1, 7, 15, 8], "rotation": 180, "texture": "#0"},
				"south": {"uv": [1, 7, 15, 8], "texture": "#0"},
				"up": {"uv": [1, 7, 15, 8], "rotation": 180, "texture": "#0"},
				"down": {"uv": [1, 7, 15, 8], "texture": "#0"}
			}
		},
		{
			"from": [1, 0, 4],
			"to": [15, 1, 5],
			"faces": {
				"north": {"uv": [1, 11, 15, 12], "rotation": 180, "texture": "#0"},
				"south": {"uv": [1, 11, 15, 12], "texture": "#0"},
				"up": {"uv": [1, 11, 15, 12], "rotation": 180, "texture": "#0"},
				"down": {"uv": [1, 11, 15, 12], "texture": "#0"}
			}
		},
		{
			"from": [1, 0, 2],
			"to": [2, 1, 3],
			"faces": {
				"north": {"uv": [1, 13, 2, 14], "rotation": 180, "texture": "#0"},
				"south": {"uv": [1, 13, 2, 14], "texture": "#0"},
				"up": {"uv": [14, 13, 15, 14], "rotation": 180, "texture": "#0"},
				"down": {"uv": [1, 13, 2, 14], "texture": "#0"}
			}
		},
		{
			"from": [5, 0, 2],
			"to": [6, 1, 3],
			"faces": {
				"north": {"uv": [5, 13, 6, 14], "rotation": 180, "texture": "#0"},
				"south": {"uv": [5, 13, 6, 14], "texture": "#0"},
				"west": {"uv": [5, 13, 6, 14], "rotation": 90, "texture": "#0"},
				"up": {"uv": [10, 13, 11, 14], "rotation": 180, "texture": "#0"},
				"down": {"uv": [5, 13, 6, 14], "texture": "#0"}
			}
		},
		{
			"from": [10, 0, 2],
			"to": [11, 1, 3],
			"faces": {
				"north": {"uv": [10, 13, 11, 14], "rotation": 180, "texture": "#0"},
				"east": {"uv": [10, 13, 11, 14], "rotation": 270, "texture": "#0"},
				"south": {"uv": [10, 13, 11, 14], "texture": "#0"},
				"up": {"uv": [5, 13, 6, 14], "rotation": 180, "texture": "#0"},
				"down": {"uv": [10, 13, 11, 14], "texture": "#0"}
			}
		},
		{
			"from": [14, 0, 2],
			"to": [15, 1, 3],
			"faces": {
				"north": {"uv": [14, 13, 15, 14], "rotation": 180, "texture": "#0"},
				"south": {"uv": [14, 13, 15, 14], "texture": "#0"},
				"up": {"uv": [1, 13, 2, 14], "rotation": 180, "texture": "#0"},
				"down": {"uv": [14, 13, 15, 14], "texture": "#0"}
			}
		},
		{
			"from": [10, 0, 14],
			"to": [11, 1, 15],
			"faces": {
				"north": {"uv": [10, 1, 11, 2], "rotation": 180, "texture": "#0"},
				"east": {"uv": [10, 1, 11, 2], "rotation": 270, "texture": "#0"},
				"up": {"uv": [5, 1, 6, 2], "rotation": 180, "texture": "#0"},
				"down": {"uv": [10, 1, 11, 2], "texture": "#0"}
			}
		},
		{
			"from": [5, 0, 14],
			"to": [6, 1, 15],
			"faces": {
				"north": {"uv": [5, 1, 6, 2], "rotation": 180, "texture": "#0"},
				"west": {"uv": [5, 1, 6, 2], "rotation": 90, "texture": "#0"},
				"up": {"uv": [10, 1, 11, 2], "rotation": 180, "texture": "#0"},
				"down": {"uv": [5, 1, 6, 2], "texture": "#0"}
			}
		},
		{
			"from": [5, 0, 6],
			"to": [11, 1, 10],
			"faces": {
				"north": {"uv": [5, 9, 11, 10], "rotation": 180, "texture": "#0"},
				"east": {"uv": [10, 6, 11, 10], "rotation": 270, "texture": "#0"},
				"south": {"uv": [5, 6, 11, 7], "texture": "#0"},
				"west": {"uv": [5, 6, 6, 10], "rotation": 90, "texture": "#0"},
				"up": {"uv": [5, 6, 11, 10], "rotation": 180, "texture": "#0"},
				"down": {"uv": [5, 6, 11, 10], "texture": "#0"}
			}
		},
		{
			"from": [7, 0, 5],
			"to": [9, 1, 6],
			"faces": {
				"east": {"uv": [0, 10, 1, 11], "rotation": 270, "texture": "#0"},
				"west": {"uv": [15, 10, 16, 11], "rotation": 90, "texture": "#0"},
				"up": {"uv": [7, 10, 9, 11], "rotation": 180, "texture": "#0"},
				"down": {"uv": [7, 10, 9, 11], "texture": "#0"}
			}
		},
		{
			"from": [12, 0, 10],
			"to": [15, 1, 12],
			"faces": {
				"north": {"uv": [12, 5, 15, 6], "rotation": 180, "texture": "#0"},
				"east": {"uv": [0, 4, 1, 6], "rotation": 270, "texture": "#0"},
				"west": {"uv": [12, 4, 13, 6], "rotation": 90, "texture": "#0"},
				"up": {"uv": [1, 4, 4, 6], "rotation": 180, "texture": "#0"},
				"down": {"uv": [12, 4, 15, 6], "texture": "#0"}
			}
		},
		{
			"from": [1, 0, 10],
			"to": [4, 1, 12],
			"faces": {
				"north": {"uv": [1, 5, 4, 6], "rotation": 180, "texture": "#0"},
				"east": {"uv": [3, 4, 4, 6], "rotation": 270, "texture": "#0"},
				"west": {"uv": [1, 4, 2, 6], "rotation": 90, "texture": "#0"},
				"up": {"uv": [12, 4, 15, 6], "rotation": 180, "texture": "#0"},
				"down": {"uv": [1, 4, 4, 6], "texture": "#0"}
			}
		},
		{
			"from": [3, 0, 6],
			"to": [4, 1, 7],
			"faces": {
				"north": {"uv": [3, 9, 4, 10], "rotation": 180, "texture": "#0"},
				"east": {"uv": [3, 9, 4, 10], "rotation": 270, "texture": "#0"},
				"south": {"uv": [3, 9, 4, 10], "texture": "#0"},
				"west": {"uv": [15, 9, 16, 10], "rotation": 90, "texture": "#0"},
				"up": {"uv": [12, 9, 13, 10], "rotation": 180, "texture": "#0"},
				"down": {"uv": [3, 9, 4, 10], "texture": "#0"}
			}
		},
		{
			"from": [12, 0, 6],
			"to": [13, 1, 7],
			"faces": {
				"north": {"uv": [12, 9, 13, 10], "rotation": 180, "texture": "#0"},
				"south": {"uv": [12, 9, 13, 10], "texture": "#0"},
				"west": {"uv": [12, 9, 13, 10], "rotation": 90, "texture": "#0"},
				"up": {"uv": [3, 9, 4, 10], "rotation": 180, "texture": "#0"},
				"down": {"uv": [12, 9, 13, 10], "texture": "#0"}
			}
		},
		{
			"from": [6, 1, 0],
			"to": [7, 15, 1],
			"faces": {
				"north": {"uv": [9, 1, 10, 15], "texture": "#0"},
				"east": {"uv": [9, 1, 10, 15], "texture": "#0"},
				"south": {"uv": [6, 1, 7, 15], "texture": "#0"},
				"west": {"uv": [9, 1, 10, 15], "texture": "#0"}
			}
		},
		{
			"from": [0, 0, 0],
			"to": [16, 1, 1],
			"faces": {
				"north": {"uv": [0, 15, 16, 16], "texture": "#0"},
				"south": {"uv": [0, 15, 16, 16], "texture": "#0"},
				"west": {"uv": [15, 15, 16, 16], "texture": "#0"},
				"up": {"uv": [0, 15, 16, 16], "rotation": 180, "texture": "#0"},
				"down": {"uv": [0, 15, 16, 16], "rotation": 180, "texture": "#0"}
			}
		},
		{
			"from": [0, 15, 0],
			"to": [16, 16, 1],
			"faces": {
				"north": {"uv": [0, 0, 16, 1], "texture": "#0"},
				"south": {"uv": [0, 0, 16, 1], "texture": "#0"},
				"west": {"uv": [15, 0, 16, 1], "texture": "#0"},
				"up": {"uv": [0, 0, 16, 1], "rotation": 180, "texture": "#0"},
				"down": {"uv": [0, 0, 16, 1], "rotation": 180, "texture": "#0"}
			}
		},
		{
			"from": [0, 12, 0],
			"to": [16, 13, 1],
			"faces": {
				"north": {"uv": [0, 3, 16, 4], "texture": "#0"},
				"south": {"uv": [0, 3, 16, 4], "texture": "#0"},
				"up": {"uv": [0, 3, 16, 4], "rotation": 180, "texture": "#0"},
				"down": {"uv": [0, 3, 16, 4], "rotation": 180, "texture": "#0"}
			}
		},
		{
			"from": [0, 8, 0],
			"to": [16, 9, 1],
			"faces": {
				"north": {"uv": [0, 7, 16, 8], "texture": "#0"},
				"south": {"uv": [0, 7, 16, 8], "texture": "#0"},
				"up": {"uv": [0, 7, 16, 8], "rotation": 180, "texture": "#0"},
				"down": {"uv": [0, 7, 16, 8], "rotation": 180, "texture": "#0"}
			}
		},
		{
			"from": [0, 4, 0],
			"to": [16, 5, 1],
			"faces": {
				"north": {"uv": [0, 11, 16, 12], "texture": "#0"},
				"south": {"uv": [0, 11, 16, 12], "texture": "#0"},
				"up": {"uv": [0, 11, 16, 12], "rotation": 180, "texture": "#0"},
				"down": {"uv": [0, 11, 16, 12], "rotation": 180, "texture": "#0"}
			}
		},
		{
			"from": [14, 2, 0],
			"to": [15, 3, 1],
			"faces": {
				"north": {"uv": [1, 13, 2, 14], "texture": "#0"},
				"south": {"uv": [14, 13, 15, 14], "texture": "#0"},
				"up": {"uv": [1, 13, 2, 14], "rotation": 180, "texture": "#0"},
				"down": {"uv": [1, 13, 2, 14], "rotation": 180, "texture": "#0"}
			}
		},
		{
			"from": [12, 6, 0],
			"to": [13, 7, 1],
			"faces": {
				"north": {"uv": [3, 9, 4, 10], "texture": "#0"},
				"east": {"uv": [15, 9, 16, 10], "texture": "#0"},
				"south": {"uv": [12, 9, 13, 10], "texture": "#0"},
				"west": {"uv": [3, 9, 4, 10], "texture": "#0"},
				"up": {"uv": [3, 9, 4, 10], "rotation": 180, "texture": "#0"},
				"down": {"uv": [3, 9, 4, 10], "rotation": 180, "texture": "#0"}
			}
		},
		{
			"from": [3, 6, 0],
			"to": [4, 7, 1],
			"faces": {
				"north": {"uv": [12, 9, 13, 10], "texture": "#0"},
				"east": {"uv": [12, 9, 13, 10], "texture": "#0"},
				"south": {"uv": [3, 9, 4, 10], "texture": "#0"},
				"up": {"uv": [12, 9, 13, 10], "rotation": 180, "texture": "#0"},
				"down": {"uv": [12, 9, 13, 10], "rotation": 180, "texture": "#0"}
			}
		},
		{
			"from": [10, 2, 0],
			"to": [11, 3, 1],
			"faces": {
				"north": {"uv": [5, 13, 6, 14], "texture": "#0"},
				"east": {"uv": [5, 13, 6, 14], "texture": "#0"},
				"south": {"uv": [10, 13, 11, 14], "texture": "#0"},
				"up": {"uv": [5, 13, 6, 14], "rotation": 180, "texture": "#0"},
				"down": {"uv": [5, 13, 6, 14], "rotation": 180, "texture": "#0"}
			}
		},
		{
			"from": [5, 6, 0],
			"to": [11, 10, 1],
			"faces": {
				"north": {"uv": [5, 6, 11, 10], "texture": "#0"},
				"east": {"uv": [5, 6, 6, 10], "texture": "#0"},
				"south": {"uv": [5, 6, 11, 10], "texture": "#0"},
				"west": {"uv": [10, 6, 11, 10], "texture": "#0"},
				"up": {"uv": [5, 6, 11, 7], "rotation": 180, "texture": "#0"},
				"down": {"uv": [5, 9, 11, 10], "rotation": 180, "texture": "#0"}
			}
		},
		{
			"from": [10, 14, 0],
			"to": [11, 15, 1],
			"faces": {
				"north": {"uv": [5, 1, 6, 2], "texture": "#0"},
				"east": {"uv": [5, 1, 6, 2], "texture": "#0"},
				"south": {"uv": [10, 1, 11, 2], "texture": "#0"},
				"down": {"uv": [5, 1, 6, 2], "rotation": 180, "texture": "#0"}
			}
		},
		{
			"from": [1, 10, 0],
			"to": [4, 12, 1],
			"faces": {
				"north": {"uv": [12, 4, 15, 6], "texture": "#0"},
				"east": {"uv": [12, 4, 13, 6], "texture": "#0"},
				"south": {"uv": [1, 4, 4, 6], "texture": "#0"},
				"west": {"uv": [0, 4, 1, 6], "texture": "#0"},
				"down": {"uv": [12, 5, 15, 6], "rotation": 180, "texture": "#0"}
			}
		},
		{
			"from": [12, 10, 0],
			"to": [15, 12, 1],
			"faces": {
				"north": {"uv": [1, 4, 4, 6], "texture": "#0"},
				"east": {"uv": [1, 4, 2, 6], "texture": "#0"},
				"south": {"uv": [12, 4, 15, 6], "texture": "#0"},
				"west": {"uv": [3, 4, 4, 6], "texture": "#0"},
				"down": {"uv": [1, 5, 4, 6], "rotation": 180, "texture": "#0"}
			}
		},
		{
			"from": [5, 2, 0],
			"to": [6, 3, 1],
			"faces": {
				"north": {"uv": [10, 13, 11, 14], "texture": "#0"},
				"south": {"uv": [5, 13, 6, 14], "texture": "#0"},
				"west": {"uv": [10, 13, 11, 14], "texture": "#0"},
				"up": {"uv": [10, 13, 11, 14], "rotation": 180, "texture": "#0"},
				"down": {"uv": [10, 13, 11, 14], "rotation": 180, "texture": "#0"}
			}
		},
		{
			"from": [7, 5, 0],
			"to": [9, 6, 1],
			"faces": {
				"north": {"uv": [7, 10, 9, 11], "texture": "#0"},
				"east": {"uv": [15, 10, 16, 11], "texture": "#0"},
				"south": {"uv": [7, 10, 9, 11], "texture": "#0"},
				"west": {"uv": [0, 10, 1, 11], "texture": "#0"}
			}
		},
		{
			"from": [5, 14, 0],
			"to": [6, 15, 1],
			"faces": {
				"north": {"uv": [10, 1, 11, 2], "texture": "#0"},
				"south": {"uv": [5, 1, 6, 2], "texture": "#0"},
				"west": {"uv": [10, 1, 11, 2], "texture": "#0"},
				"down": {"uv": [10, 1, 11, 2], "rotation": 180, "texture": "#0"}
			}
		},
		{
			"from": [1, 2, 0],
			"to": [2, 3, 1],
			"faces": {
				"north": {"uv": [14, 13, 15, 14], "texture": "#0"},
				"south": {"uv": [1, 13, 2, 14], "texture": "#0"},
				"up": {"uv": [14, 13, 15, 14], "rotation": 180, "texture": "#0"},
				"down": {"uv": [14, 13, 15, 14], "rotation": 180, "texture": "#0"}
			}
		},
		{
			"from": [0, 1, 0],
			"to": [1, 15, 1],
			"faces": {
				"north": {"uv": [15, 1, 16, 15], "texture": "#0"},
				"east": {"uv": [15, 1, 16, 15], "texture": "#0"},
				"south": {"uv": [0, 1, 1, 15], "texture": "#0"},
				"west": {"uv": [0, 1, 1, 15], "texture": "#0"},
				"up": {"uv": [15, 15, 16, 16], "rotation": 180, "texture": "#0"},
				"down": {"uv": [15, 0, 16, 1], "rotation": 180, "texture": "#0"}
			}
		},
		{
			"from": [2, 1, 0],
			"to": [3, 15, 1],
			"faces": {
				"north": {"uv": [13, 1, 14, 15], "texture": "#0"},
				"east": {"uv": [13, 1, 14, 15], "texture": "#0"},
				"south": {"uv": [2, 1, 3, 15], "texture": "#0"},
				"west": {"uv": [13, 1, 14, 15], "texture": "#0"}
			}
		},
		{
			"from": [13, 1, 0],
			"to": [14, 15, 1],
			"faces": {
				"north": {"uv": [2, 1, 3, 15], "texture": "#0"},
				"east": {"uv": [2, 1, 3, 15], "texture": "#0"},
				"south": {"uv": [13, 1, 14, 15], "texture": "#0"},
				"west": {"uv": [2, 1, 3, 15], "texture": "#0"}
			}
		},
		{
			"from": [9, 1, 0],
			"to": [10, 15, 1],
			"faces": {
				"north": {"uv": [6, 1, 7, 15], "texture": "#0"},
				"east": {"uv": [6, 1, 7, 15], "texture": "#0"},
				"south": {"uv": [9, 1, 10, 15], "texture": "#0"},
				"west": {"uv": [6, 1, 7, 15], "texture": "#0"}
			}
		},
		{
			"from": [15, 1, 6],
			"to": [16, 15, 7],
			"faces": {
				"north": {"uv": [9, 1, 10, 15], "texture": "#0"},
				"east": {"uv": [9, 1, 10, 15], "texture": "#0"},
				"south": {"uv": [9, 1, 10, 15], "texture": "#0"},
				"west": {"uv": [6, 1, 7, 15], "texture": "#0"}
			}
		},
		{
			"from": [15, 0, 0],
			"to": [16, 1, 16],
			"faces": {
				"north": {"uv": [15, 15, 16, 16], "texture": "#0"},
				"east": {"uv": [0, 15, 16, 16], "texture": "#0"},
				"west": {"uv": [0, 15, 16, 16], "texture": "#0"},
				"up": {"uv": [0, 15, 16, 16], "rotation": 270, "texture": "#0"},
				"down": {"uv": [0, 15, 16, 16], "rotation": 90, "texture": "#0"}
			}
		},
		{
			"from": [15, 15, 0],
			"to": [16, 16, 16],
			"faces": {
				"north": {"uv": [15, 0, 16, 1], "texture": "#0"},
				"east": {"uv": [0, 0, 16, 1], "texture": "#0"},
				"west": {"uv": [0, 0, 16, 1], "texture": "#0"},
				"up": {"uv": [0, 0, 16, 1], "rotation": 270, "texture": "#0"},
				"down": {"uv": [0, 0, 16, 1], "rotation": 90, "texture": "#0"}
			}
		},
		{
			"from": [15, 12, 0],
			"to": [16, 13, 16],
			"faces": {
				"east": {"uv": [0, 3, 16, 4], "texture": "#0"},
				"west": {"uv": [0, 3, 16, 4], "texture": "#0"},
				"up": {"uv": [0, 3, 16, 4], "rotation": 270, "texture": "#0"},
				"down": {"uv": [0, 3, 16, 4], "rotation": 90, "texture": "#0"}
			}
		},
		{
			"from": [15, 8, 0],
			"to": [16, 9, 16],
			"faces": {
				"east": {"uv": [0, 7, 16, 8], "texture": "#0"},
				"west": {"uv": [0, 7, 16, 8], "texture": "#0"},
				"up": {"uv": [0, 7, 16, 8], "rotation": 270, "texture": "#0"},
				"down": {"uv": [0, 7, 16, 8], "rotation": 90, "texture": "#0"}
			}
		},
		{
			"from": [15, 4, 0],
			"to": [16, 5, 16],
			"faces": {
				"east": {"uv": [0, 11, 16, 12], "texture": "#0"},
				"west": {"uv": [0, 11, 16, 12], "texture": "#0"},
				"up": {"uv": [0, 11, 16, 12], "rotation": 270, "texture": "#0"},
				"down": {"uv": [0, 11, 16, 12], "rotation": 90, "texture": "#0"}
			}
		},
		{
			"from": [15, 2, 14],
			"to": [16, 3, 15],
			"faces": {
				"east": {"uv": [1, 13, 2, 14], "texture": "#0"},
				"west": {"uv": [14, 13, 15, 14], "texture": "#0"},
				"up": {"uv": [1, 13, 2, 14], "rotation": 270, "texture": "#0"},
				"down": {"uv": [1, 13, 2, 14], "rotation": 90, "texture": "#0"}
			}
		},
		{
			"from": [15, 6, 12],
			"to": [16, 7, 13],
			"faces": {
				"north": {"uv": [3, 9, 4, 10], "texture": "#0"},
				"east": {"uv": [3, 9, 4, 10], "texture": "#0"},
				"south": {"uv": [15, 9, 16, 10], "texture": "#0"},
				"west": {"uv": [12, 9, 13, 10], "texture": "#0"},
				"up": {"uv": [3, 9, 4, 10], "rotation": 270, "texture": "#0"},
				"down": {"uv": [3, 9, 4, 10], "rotation": 90, "texture": "#0"}
			}
		},
		{
			"from": [15, 6, 3],
			"to": [16, 7, 4],
			"faces": {
				"east": {"uv": [12, 9, 13, 10], "texture": "#0"},
				"south": {"uv": [12, 9, 13, 10], "texture": "#0"},
				"west": {"uv": [3, 9, 4, 10], "texture": "#0"},
				"up": {"uv": [12, 9, 13, 10], "rotation": 270, "texture": "#0"},
				"down": {"uv": [12, 9, 13, 10], "rotation": 90, "texture": "#0"}
			}
		},
		{
			"from": [15, 2, 10],
			"to": [16, 3, 11],
			"faces": {
				"east": {"uv": [5, 13, 6, 14], "texture": "#0"},
				"south": {"uv": [5, 13, 6, 14], "texture": "#0"},
				"west": {"uv": [10, 13, 11, 14], "texture": "#0"},
				"up": {"uv": [5, 13, 6, 14], "rotation": 270, "texture": "#0"},
				"down": {"uv": [5, 13, 6, 14], "rotation": 90, "texture": "#0"}
			}
		},
		{
			"from": [15, 6, 5],
			"to": [16, 10, 11],
			"faces": {
				"north": {"uv": [10, 6, 11, 10], "texture": "#0"},
				"east": {"uv": [5, 6, 11, 10], "texture": "#0"},
				"south": {"uv": [5, 6, 6, 10], "texture": "#0"},
				"west": {"uv": [5, 6, 11, 10], "texture": "#0"},
				"up": {"uv": [5, 6, 11, 7], "rotation": 270, "texture": "#0"},
				"down": {"uv": [5, 9, 11, 10], "rotation": 90, "texture": "#0"}
			}
		},
		{
			"from": [15, 14, 10],
			"to": [16, 15, 11],
			"faces": {
				"east": {"uv": [5, 1, 6, 2], "texture": "#0"},
				"south": {"uv": [5, 1, 6, 2], "texture": "#0"},
				"west": {"uv": [10, 1, 11, 2], "texture": "#0"},
				"down": {"uv": [5, 1, 6, 2], "rotation": 90, "texture": "#0"}
			}
		},
		{
			"from": [15, 10, 1],
			"to": [16, 12, 4],
			"faces": {
				"north": {"uv": [0, 4, 1, 6], "texture": "#0"},
				"east": {"uv": [12, 4, 15, 6], "texture": "#0"},
				"south": {"uv": [12, 4, 13, 6], "texture": "#0"},
				"west": {"uv": [1, 4, 4, 6], "texture": "#0"},
				"down": {"uv": [12, 5, 15, 6], "rotation": 90, "texture": "#0"}
			}
		},
		{
			"from": [15, 10, 12],
			"to": [16, 12, 15],
			"faces": {
				"north": {"uv": [3, 4, 4, 6], "texture": "#0"},
				"east": {"uv": [1, 4, 4, 6], "texture": "#0"},
				"south": {"uv": [1, 4, 2, 6], "texture": "#0"},
				"west": {"uv": [12, 4, 15, 6], "texture": "#0"},
				"down": {"uv": [1, 5, 4, 6], "rotation": 90, "texture": "#0"}
			}
		},
		{
			"from": [15, 2, 5],
			"to": [16, 3, 6],
			"faces": {
				"north": {"uv": [10, 13, 11, 14], "texture": "#0"},
				"east": {"uv": [10, 13, 11, 14], "texture": "#0"},
				"west": {"uv": [5, 13, 6, 14], "texture": "#0"},
				"up": {"uv": [10, 13, 11, 14], "rotation": 270, "texture": "#0"},
				"down": {"uv": [10, 13, 11, 14], "rotation": 90, "texture": "#0"}
			}
		},
		{
			"from": [15, 5, 7],
			"to": [16, 6, 9],
			"faces": {
				"north": {"uv": [0, 10, 1, 11], "texture": "#0"},
				"east": {"uv": [7, 10, 9, 11], "texture": "#0"},
				"south": {"uv": [15, 10, 16, 11], "texture": "#0"},
				"west": {"uv": [7, 10, 9, 11], "texture": "#0"}
			}
		},
		{
			"from": [15, 14, 5],
			"to": [16, 15, 6],
			"faces": {
				"north": {"uv": [10, 1, 11, 2], "texture": "#0"},
				"east": {"uv": [10, 1, 11, 2], "texture": "#0"},
				"west": {"uv": [5, 1, 6, 2], "texture": "#0"},
				"down": {"uv": [10, 1, 11, 2], "rotation": 90, "texture": "#0"}
			}
		},
		{
			"from": [15, 2, 1],
			"to": [16, 3, 2],
			"faces": {
				"east": {"uv": [14, 13, 15, 14], "texture": "#0"},
				"west": {"uv": [1, 13, 2, 14], "texture": "#0"},
				"up": {"uv": [14, 13, 15, 14], "rotation": 270, "texture": "#0"},
				"down": {"uv": [14, 13, 15, 14], "rotation": 90, "texture": "#0"}
			}
		},
		{
			"from": [15, 1, 0],
			"to": [16, 15, 1],
			"faces": {
				"north": {"uv": [0, 1, 1, 15], "texture": "#0"},
				"east": {"uv": [15, 1, 16, 15], "texture": "#0"},
				"south": {"uv": [15, 1, 16, 15], "texture": "#0"},
				"west": {"uv": [0, 1, 1, 15], "texture": "#0"},
				"up": {"uv": [15, 15, 16, 16], "rotation": 270, "texture": "#0"},
				"down": {"uv": [15, 0, 16, 1], "rotation": 90, "texture": "#0"}
			}
		},
		{
			"from": [15, 1, 2],
			"to": [16, 15, 3],
			"faces": {
				"north": {"uv": [13, 1, 14, 15], "texture": "#0"},
				"east": {"uv": [13, 1, 14, 15], "texture": "#0"},
				"south": {"uv": [13, 1, 14, 15], "texture": "#0"},
				"west": {"uv": [2, 1, 3, 15], "texture": "#0"}
			}
		},
		{
			"from": [15, 1, 13],
			"to": [16, 15, 14],
			"faces": {
				"north": {"uv": [2, 1, 3, 15], "texture": "#0"},
				"east": {"uv": [2, 1, 3, 15], "texture": "#0"},
				"south": {"uv": [2, 1, 3, 15], "texture": "#0"},
				"west": {"uv": [13, 1, 14, 15], "texture": "#0"}
			}
		},
		{
			"from": [15, 1, 9],
			"to": [16, 15, 10],
			"faces": {
				"north": {"uv": [6, 1, 7, 15], "texture": "#0"},
				"east": {"uv": [6, 1, 7, 15], "texture": "#0"},
				"south": {"uv": [6, 1, 7, 15], "texture": "#0"},
				"west": {"uv": [9, 1, 10, 15], "texture": "#0"}
			}
		},
		{
			"from": [0, 1, 9],
			"to": [1, 15, 10],
			"faces": {
				"north": {"uv": [9, 1, 10, 15], "texture": "#0"},
				"east": {"uv": [6, 1, 7, 15], "texture": "#0"},
				"south": {"uv": [9, 1, 10, 15], "texture": "#0"},
				"west": {"uv": [9, 1, 10, 15], "texture": "#0"}
			}
		},
		{
			"from": [0, 0, 0],
			"to": [1, 1, 16],
			"faces": {
				"east": {"uv": [0, 15, 16, 16], "texture": "#0"},
				"south": {"uv": [15, 15, 16, 16], "texture": "#0"},
				"west": {"uv": [0, 15, 16, 16], "texture": "#0"},
				"up": {"uv": [0, 15, 16, 16], "rotation": 90, "texture": "#0"},
				"down": {"uv": [0, 15, 16, 16], "rotation": 270, "texture": "#0"}
			}
		},
		{
			"from": [0, 15, 0],
			"to": [1, 16, 16],
			"faces": {
				"east": {"uv": [0, 0, 16, 1], "texture": "#0"},
				"south": {"uv": [15, 0, 16, 1], "texture": "#0"},
				"west": {"uv": [0, 0, 16, 1], "texture": "#0"},
				"up": {"uv": [0, 0, 16, 1], "rotation": 90, "texture": "#0"},
				"down": {"uv": [0, 0, 16, 1], "rotation": 270, "texture": "#0"}
			}
		},
		{
			"from": [0, 12, 0],
			"to": [1, 13, 16],
			"faces": {
				"east": {"uv": [0, 3, 16, 4], "texture": "#0"},
				"west": {"uv": [0, 3, 16, 4], "texture": "#0"},
				"up": {"uv": [0, 3, 16, 4], "rotation": 90, "texture": "#0"},
				"down": {"uv": [0, 3, 16, 4], "rotation": 270, "texture": "#0"}
			}
		},
		{
			"from": [0, 8, 0],
			"to": [1, 9, 16],
			"faces": {
				"east": {"uv": [0, 7, 16, 8], "texture": "#0"},
				"west": {"uv": [0, 7, 16, 8], "texture": "#0"},
				"up": {"uv": [0, 7, 16, 8], "rotation": 90, "texture": "#0"},
				"down": {"uv": [0, 7, 16, 8], "rotation": 270, "texture": "#0"}
			}
		},
		{
			"from": [0, 4, 0],
			"to": [1, 5, 16],
			"faces": {
				"east": {"uv": [0, 11, 16, 12], "texture": "#0"},
				"west": {"uv": [0, 11, 16, 12], "texture": "#0"},
				"up": {"uv": [0, 11, 16, 12], "rotation": 90, "texture": "#0"},
				"down": {"uv": [0, 11, 16, 12], "rotation": 270, "texture": "#0"}
			}
		},
		{
			"from": [0, 2, 1],
			"to": [1, 3, 2],
			"faces": {
				"east": {"uv": [14, 13, 15, 14], "texture": "#0"},
				"west": {"uv": [1, 13, 2, 14], "texture": "#0"},
				"up": {"uv": [1, 13, 2, 14], "rotation": 90, "texture": "#0"},
				"down": {"uv": [1, 13, 2, 14], "rotation": 270, "texture": "#0"}
			}
		},
		{
			"from": [0, 6, 3],
			"to": [1, 7, 4],
			"faces": {
				"north": {"uv": [15, 9, 16, 10], "texture": "#0"},
				"east": {"uv": [12, 9, 13, 10], "texture": "#0"},
				"south": {"uv": [3, 9, 4, 10], "texture": "#0"},
				"west": {"uv": [3, 9, 4, 10], "texture": "#0"},
				"up": {"uv": [3, 9, 4, 10], "rotation": 90, "texture": "#0"},
				"down": {"uv": [3, 9, 4, 10], "rotation": 270, "texture": "#0"}
			}
		},
		{
			"from": [0, 6, 12],
			"to": [1, 7, 13],
			"faces": {
				"north": {"uv": [12, 9, 13, 10], "texture": "#0"},
				"east": {"uv": [3, 9, 4, 10], "texture": "#0"},
				"west": {"uv": [12, 9, 13, 10], "texture": "#0"},
				"up": {"uv": [12, 9, 13, 10], "rotation": 90, "texture": "#0"},
				"down": {"uv": [12, 9, 13, 10], "rotation": 270, "texture": "#0"}
			}
		},
		{
			"from": [0, 2, 5],
			"to": [1, 3, 6],
			"faces": {
				"north": {"uv": [5, 13, 6, 14], "texture": "#0"},
				"east": {"uv": [10, 13, 11, 14], "texture": "#0"},
				"west": {"uv": [5, 13, 6, 14], "texture": "#0"},
				"up": {"uv": [5, 13, 6, 14], "rotation": 90, "texture": "#0"},
				"down": {"uv": [5, 13, 6, 14], "rotation": 270, "texture": "#0"}
			}
		},
		{
			"from": [0, 6, 5],
			"to": [1, 10, 11],
			"faces": {
				"north": {"uv": [5, 6, 6, 10], "texture": "#0"},
				"east": {"uv": [5, 6, 11, 10], "texture": "#0"},
				"south": {"uv": [10, 6, 11, 10], "texture": "#0"},
				"west": {"uv": [5, 6, 11, 10], "texture": "#0"},
				"up": {"uv": [5, 6, 11, 7], "rotation": 90, "texture": "#0"},
				"down": {"uv": [5, 9, 11, 10], "rotation": 270, "texture": "#0"}
			}
		},
		{
			"from": [0, 14, 5],
			"to": [1, 15, 6],
			"faces": {
				"north": {"uv": [5, 1, 6, 2], "texture": "#0"},
				"east": {"uv": [10, 1, 11, 2], "texture": "#0"},
				"west": {"uv": [5, 1, 6, 2], "texture": "#0"},
				"down": {"uv": [5, 1, 6, 2], "rotation": 270, "texture": "#0"}
			}
		},
		{
			"from": [0, 10, 12],
			"to": [1, 12, 15],
			"faces": {
				"north": {"uv": [12, 4, 13, 6], "texture": "#0"},
				"east": {"uv": [1, 4, 4, 6], "texture": "#0"},
				"south": {"uv": [0, 4, 1, 6], "texture": "#0"},
				"west": {"uv": [12, 4, 15, 6], "texture": "#0"},
				"down": {"uv": [12, 5, 15, 6], "rotation": 270, "texture": "#0"}
			}
		},
		{
			"from": [0, 10, 1],
			"to": [1, 12, 4],
			"faces": {
				"north": {"uv": [1, 4, 2, 6], "texture": "#0"},
				"east": {"uv": [12, 4, 15, 6], "texture": "#0"},
				"south": {"uv": [3, 4, 4, 6], "texture": "#0"},
				"west": {"uv": [1, 4, 4, 6], "texture": "#0"},
				"down": {"uv": [1, 5, 4, 6], "rotation": 270, "texture": "#0"}
			}
		},
		{
			"from": [0, 2, 10],
			"to": [1, 3, 11],
			"faces": {
				"east": {"uv": [5, 13, 6, 14], "texture": "#0"},
				"south": {"uv": [10, 13, 11, 14], "texture": "#0"},
				"west": {"uv": [10, 13, 11, 14], "texture": "#0"},
				"up": {"uv": [10, 13, 11, 14], "rotation": 90, "texture": "#0"},
				"down": {"uv": [10, 13, 11, 14], "rotation": 270, "texture": "#0"}
			}
		},
		{
			"from": [0, 5, 7],
			"to": [1, 6, 9],
			"faces": {
				"north": {"uv": [15, 10, 16, 11], "texture": "#0"},
				"east": {"uv": [7, 10, 9, 11], "texture": "#0"},
				"south": {"uv": [0, 10, 1, 11], "texture": "#0"},
				"west": {"uv": [7, 10, 9, 11], "texture": "#0"}
			}
		},
		{
			"from": [0, 14, 10],
			"to": [1, 15, 11],
			"faces": {
				"east": {"uv": [5, 1, 6, 2], "texture": "#0"},
				"south": {"uv": [10, 1, 11, 2], "texture": "#0"},
				"west": {"uv": [10, 1, 11, 2], "texture": "#0"},
				"down": {"uv": [10, 1, 11, 2], "rotation": 270, "texture": "#0"}
			}
		},
		{
			"from": [0, 2, 14],
			"to": [1, 3, 15],
			"faces": {
				"east": {"uv": [1, 13, 2, 14], "texture": "#0"},
				"west": {"uv": [14, 13, 15, 14], "texture": "#0"},
				"up": {"uv": [14, 13, 15, 14], "rotation": 90, "texture": "#0"},
				"down": {"uv": [14, 13, 15, 14], "rotation": 270, "texture": "#0"}
			}
		},
		{
			"from": [0, 1, 15],
			"to": [1, 15, 16],
			"faces": {
				"north": {"uv": [15, 1, 16, 15], "texture": "#0"},
				"east": {"uv": [0, 1, 1, 15], "texture": "#0"},
				"south": {"uv": [0, 1, 1, 15], "texture": "#0"},
				"west": {"uv": [15, 1, 16, 15], "texture": "#0"},
				"up": {"uv": [15, 15, 16, 16], "rotation": 90, "texture": "#0"},
				"down": {"uv": [15, 0, 16, 1], "rotation": 270, "texture": "#0"}
			}
		},
		{
			"from": [0, 1, 13],
			"to": [1, 15, 14],
			"faces": {
				"north": {"uv": [13, 1, 14, 15], "texture": "#0"},
				"east": {"uv": [2, 1, 3, 15], "texture": "#0"},
				"south": {"uv": [13, 1, 14, 15], "texture": "#0"},
				"west": {"uv": [13, 1, 14, 15], "texture": "#0"}
			}
		},
		{
			"from": [0, 1, 2],
			"to": [1, 15, 3],
			"faces": {
				"north": {"uv": [2, 1, 3, 15], "texture": "#0"},
				"east": {"uv": [13, 1, 14, 15], "texture": "#0"},
				"south": {"uv": [2, 1, 3, 15], "texture": "#0"},
				"west": {"uv": [2, 1, 3, 15], "texture": "#0"}
			}
		},
		{
			"from": [0, 1, 6],
			"to": [1, 15, 7],
			"faces": {
				"north": {"uv": [6, 1, 7, 15], "texture": "#0"},
				"east": {"uv": [9, 1, 10, 15], "texture": "#0"},
				"south": {"uv": [6, 1, 7, 15], "texture": "#0"},
				"west": {"uv": [6, 1, 7, 15], "texture": "#0"}
			}
		},
		{
			"from": [9, 1, 15],
			"to": [10, 15, 16],
			"faces": {
				"north": {"uv": [6, 1, 7, 15], "texture": "#0"},
				"east": {"uv": [9, 1, 10, 15], "texture": "#0"},
				"south": {"uv": [9, 1, 10, 15], "texture": "#0"},
				"west": {"uv": [9, 1, 10, 15], "texture": "#0"}
			}
		},
		{
			"from": [0, 0, 15],
			"to": [16, 1, 16],
			"faces": {
				"north": {"uv": [0, 15, 16, 16], "texture": "#0"},
				"east": {"uv": [15, 15, 16, 16], "texture": "#0"},
				"south": {"uv": [0, 15, 16, 16], "texture": "#0"},
				"up": {"uv": [0, 15, 16, 16], "texture": "#0"},
				"down": {"uv": [0, 15, 16, 16], "texture": "#0"}
			}
		},
		{
			"from": [0, 15, 15],
			"to": [16, 16, 16],
			"faces": {
				"north": {"uv": [0, 0, 16, 1], "texture": "#0"},
				"east": {"uv": [15, 0, 16, 1], "texture": "#0"},
				"south": {"uv": [0, 0, 16, 1], "texture": "#0"},
				"up": {"uv": [0, 0, 16, 1], "texture": "#0"},
				"down": {"uv": [0, 0, 16, 1], "texture": "#0"}
			}
		},
		{
			"from": [0, 12, 15],
			"to": [16, 13, 16],
			"faces": {
				"north": {"uv": [0, 3, 16, 4], "texture": "#0"},
				"south": {"uv": [0, 3, 16, 4], "texture": "#0"},
				"up": {"uv": [0, 3, 16, 4], "texture": "#0"},
				"down": {"uv": [0, 3, 16, 4], "texture": "#0"}
			}
		},
		{
			"from": [0, 8, 15],
			"to": [16, 9, 16],
			"faces": {
				"north": {"uv": [0, 7, 16, 8], "texture": "#0"},
				"south": {"uv": [0, 7, 16, 8], "texture": "#0"},
				"up": {"uv": [0, 7, 16, 8], "texture": "#0"},
				"down": {"uv": [0, 7, 16, 8], "texture": "#0"}
			}
		},
		{
			"from": [0, 4, 15],
			"to": [16, 5, 16],
			"faces": {
				"north": {"uv": [0, 11, 16, 12], "texture": "#0"},
				"south": {"uv": [0, 11, 16, 12], "texture": "#0"},
				"up": {"uv": [0, 11, 16, 12], "texture": "#0"},
				"down": {"uv": [0, 11, 16, 12], "texture": "#0"}
			}
		},
		{
			"from": [1, 2, 15],
			"to": [2, 3, 16],
			"faces": {
				"north": {"uv": [14, 13, 15, 14], "texture": "#0"},
				"south": {"uv": [1, 13, 2, 14], "texture": "#0"},
				"up": {"uv": [1, 13, 2, 14], "texture": "#0"},
				"down": {"uv": [1, 13, 2, 14], "texture": "#0"}
			}
		},
		{
			"from": [3, 6, 15],
			"to": [4, 7, 16],
			"faces": {
				"north": {"uv": [12, 9, 13, 10], "texture": "#0"},
				"east": {"uv": [3, 9, 4, 10], "texture": "#0"},
				"south": {"uv": [3, 9, 4, 10], "texture": "#0"},
				"west": {"uv": [15, 9, 16, 10], "texture": "#0"},
				"up": {"uv": [3, 9, 4, 10], "texture": "#0"},
				"down": {"uv": [3, 9, 4, 10], "texture": "#0"}
			}
		},
		{
			"from": [12, 6, 15],
			"to": [13, 7, 16],
			"faces": {
				"north": {"uv": [3, 9, 4, 10], "texture": "#0"},
				"south": {"uv": [12, 9, 13, 10], "texture": "#0"},
				"west": {"uv": [12, 9, 13, 10], "texture": "#0"},
				"up": {"uv": [12, 9, 13, 10], "texture": "#0"},
				"down": {"uv": [12, 9, 13, 10], "texture": "#0"}
			}
		},
		{
			"from": [5, 2, 15],
			"to": [6, 3, 16],
			"faces": {
				"north": {"uv": [10, 13, 11, 14], "texture": "#0"},
				"south": {"uv": [5, 13, 6, 14], "texture": "#0"},
				"west": {"uv": [5, 13, 6, 14], "texture": "#0"},
				"up": {"uv": [5, 13, 6, 14], "texture": "#0"},
				"down": {"uv": [5, 13, 6, 14], "texture": "#0"}
			}
		},
		{
			"from": [5, 6, 15],
			"to": [11, 10, 16],
			"faces": {
				"north": {"uv": [5, 6, 11, 10], "texture": "#0"},
				"east": {"uv": [10, 6, 11, 10], "texture": "#0"},
				"south": {"uv": [5, 6, 11, 10], "texture": "#0"},
				"west": {"uv": [5, 6, 6, 10], "texture": "#0"},
				"up": {"uv": [5, 6, 11, 7], "texture": "#0"},
				"down": {"uv": [5, 9, 11, 10], "texture": "#0"}
			}
		},
		{
			"from": [5, 14, 15],
			"to": [6, 15, 16],
			"faces": {
				"north": {"uv": [10, 1, 11, 2], "texture": "#0"},
				"south": {"uv": [5, 1, 6, 2], "texture": "#0"},
				"west": {"uv": [5, 1, 6, 2], "texture": "#0"},
				"down": {"uv": [5, 1, 6, 2], "texture": "#0"}
			}
		},
		{
			"from": [12, 10, 15],
			"to": [15, 12, 16],
			"faces": {
				"north": {"uv": [1, 4, 4, 6], "texture": "#0"},
				"east": {"uv": [0, 4, 1, 6], "texture": "#0"},
				"south": {"uv": [12, 4, 15, 6], "texture": "#0"},
				"west": {"uv": [12, 4, 13, 6], "texture": "#0"},
				"down": {"uv": [12, 5, 15, 6], "texture": "#0"}
			}
		},
		{
			"from": [1, 10, 15],
			"to": [4, 12, 16],
			"faces": {
				"north": {"uv": [12, 4, 15, 6], "texture": "#0"},
				"east": {"uv": [3, 4, 4, 6], "texture": "#0"},
				"south": {"uv": [1, 4, 4, 6], "texture": "#0"},
				"west": {"uv": [1, 4, 2, 6], "texture": "#0"},
				"down": {"uv": [1, 5, 4, 6], "texture": "#0"}
			}
		},
		{
			"from": [10, 2, 15],
			"to": [11, 3, 16],
			"faces": {
				"north": {"uv": [5, 13, 6, 14], "texture": "#0"},
				"east": {"uv": [10, 13, 11, 14], "texture": "#0"},
				"south": {"uv": [10, 13, 11, 14], "texture": "#0"},
				"up": {"uv": [10, 13, 11, 14], "texture": "#0"},
				"down": {"uv": [10, 13, 11, 14], "texture": "#0"}
			}
		},
		{
			"from": [7, 5, 15],
			"to": [9, 6, 16],
			"faces": {
				"north": {"uv": [7, 10, 9, 11], "texture": "#0"},
				"east": {"uv": [0, 10, 1, 11], "texture": "#0"},
				"south": {"uv": [7, 10, 9, 11], "texture": "#0"},
				"west": {"uv": [15, 10, 16, 11], "texture": "#0"}
			}
		},
		{
			"from": [10, 14, 15],
			"to": [11, 15, 16],
			"faces": {
				"north": {"uv": [5, 1, 6, 2], "texture": "#0"},
				"east": {"uv": [10, 1, 11, 2], "texture": "#0"},
				"south": {"uv": [10, 1, 11, 2], "texture": "#0"},
				"down": {"uv": [10, 1, 11, 2], "texture": "#0"}
			}
		},
		{
			"from": [14, 2, 15],
			"to": [15, 3, 16],
			"faces": {
				"north": {"uv": [1, 13, 2, 14], "texture": "#0"},
				"south": {"uv": [14, 13, 15, 14], "texture": "#0"},
				"up": {"uv": [14, 13, 15, 14], "texture": "#0"},
				"down": {"uv": [14, 13, 15, 14], "texture": "#0"}
			}
		},
		{
			"from": [15, 1, 15],
			"to": [16, 15, 16],
			"faces": {
				"north": {"uv": [0, 1, 1, 15], "texture": "#0"},
				"east": {"uv": [0, 1, 1, 15], "texture": "#0"},
				"south": {"uv": [15, 1, 16, 15], "texture": "#0"},
				"west": {"uv": [15, 1, 16, 15], "texture": "#0"},
				"up": {"uv": [15, 15, 16, 16], "texture": "#0"},
				"down": {"uv": [15, 0, 16, 1], "texture": "#0"}
			}
		},
		{
			"from": [13, 1, 15],
			"to": [14, 15, 16],
			"faces": {
				"north": {"uv": [2, 1, 3, 15], "texture": "#0"},
				"east": {"uv": [13, 1, 14, 15], "texture": "#0"},
				"south": {"uv": [13, 1, 14, 15], "texture": "#0"},
				"west": {"uv": [13, 1, 14, 15], "texture": "#0"}
			}
		},
		{
			"from": [2, 1, 15],
			"to": [3, 15, 16],
			"faces": {
				"north": {"uv": [13, 1, 14, 15], "texture": "#0"},
				"east": {"uv": [2, 1, 3, 15], "texture": "#0"},
				"south": {"uv": [2, 1, 3, 15], "texture": "#0"},
				"west": {"uv": [2, 1, 3, 15], "texture": "#0"}
			}
		},
		{
			"from": [6, 1, 15],
			"to": [7, 15, 16],
			"faces": {
				"north": {"uv": [9, 1, 10, 15], "texture": "#0"},
				"east": {"uv": [6, 1, 7, 15], "texture": "#0"},
				"south": {"uv": [6, 1, 7, 15], "texture": "#0"},
				"west": {"uv": [6, 1, 7, 15], "texture": "#0"}
			}
		}
	],
	"groups": [
		{
			"name": "group",
			"origin": [8, 8, 8],
			"children": [0, 1, 2, 3, 4, 5, 6, 7, 8, 9, 10, 11, 12, 13, 14, 15, 16, 17, 18]
		},
		{
			"name": "group",
			"origin": [8, 8, 8],
			"children": [19, 20, 21, 22, 23, 24, 25, 26, 27, 28, 29, 30, 31, 32, 33, 34, 35, 36, 37]
		},
		{
			"name": "group",
			"origin": [8, 8, 8],
			"children": [38, 39, 40, 41, 42, 43, 44, 45, 46, 47, 48, 49, 50, 51, 52, 53, 54, 55, 56, 57, 58, 59]
		},
		{
			"name": "group",
			"origin": [8, 8, 8],
			"children": [60, 61, 62, 63, 64, 65, 66, 67, 68, 69, 70, 71, 72, 73, 74, 75, 76, 77, 78, 79, 80, 81]
		},
		{
			"name": "group",
			"origin": [8, 8, 8],
			"children": [82, 83, 84, 85, 86, 87, 88, 89, 90, 91, 92, 93, 94, 95, 96, 97, 98, 99, 100, 101, 102, 103]
		},
		{
			"name": "group",
			"origin": [8, 8, 8],
			"children": [104, 105, 106, 107, 108, 109, 110, 111, 112, 113, 114, 115, 116, 117, 118, 119, 120, 121, 122, 123, 124, 125]
		}
	]
}