{
  "model": {
    "type": "minecraft:select",
    "cases": [
      {
        "when": {
          "pattern": "sentry",
          "material": "redstone"
        },
        "model": {
          "type": "minecraft:model",
          "model": "minecraft:item/netherite_chestplate/sentry/redstone"
        }
      },
      {
        "when": {
          "pattern": "vex",
          "material": "redstone"
        },
        "model": {
          "type": "minecraft:model",
          "model": "minecraft:item/netherite_chestplate/vex/redstone"
        }
      },
      {
        "when": {
          "pattern": "wild",
          "material": "redstone"
        },
        "model": {
          "type": "minecraft:model",
          "model": "minecraft:item/netherite_chestplate/wild/redstone"
        }
      },
      {
        "when": {
          "pattern": "coast",
          "material": "redstone"
        },
        "model": {
          "type": "minecraft:model",
          "model": "minecraft:item/netherite_chestplate/coast/redstone"
        }
      },
      {
        "when": {
          "pattern": "dune",
          "material": "redstone"
        },
        "model": {
          "type": "minecraft:model",
          "model": "minecraft:item/netherite_chestplate/dune/redstone"
        }
      },
      {
        "when": {
          "pattern": "wayfinder",
          "material": "redstone"
        },
        "model": {
          "type": "minecraft:model",
          "model": "minecraft:item/netherite_chestplate/wayfinder/redstone"
        }
      },
      {
        "when": {
          "pattern": "raiser",
          "material": "redstone"
        },
        "model": {
          "type": "minecraft:model",
          "model": "minecraft:item/netherite_chestplate/raiser/redstone"
        }
      },
      {
        "when": {
          "pattern": "shaper",
          "material": "redstone"
        },
        "model": {
          "type": "minecraft:model",
          "model": "minecraft:item/netherite_chestplate/shaper/redstone"
        }
      },
      {
        "when": {
          "pattern": "host",
          "material": "redstone"
        },
        "model": {
          "type": "minecraft:model",
          "model": "minecraft:item/netherite_chestplate/host/redstone"
        }
      },
      {
        "when": {
          "pattern": "ward",
          "material": "redstone"
        },
        "model": {
          "type": "minecraft:model",
          "model": "minecraft:item/netherite_chestplate/ward/redstone"
        }
      },
      {
        "when": {
          "pattern": "silence",
          "material": "redstone"
        },
        "model": {
          "type": "minecraft:model",
          "model": "minecraft:item/netherite_chestplate/silence/redstone"
        }
      },
      {
        "when": {
          "pattern": "tide",
          "material": "redstone"
        },
        "model": {
          "type": "minecraft:model",
          "model": "minecraft:item/netherite_chestplate/tide/redstone"
        }
      },
      {
        "when": {
          "pattern": "snout",
          "material": "redstone"
        },
        "model": {
          "type": "minecraft:model",
          "model": "minecraft:item/netherite_chestplate/snout/redstone"
        }
      },
      {
        "when": {
          "pattern": "rib",
          "material": "redstone"
        },
        "model": {
          "type": "minecraft:model",
          "model": "minecraft:item/netherite_chestplate/rib/redstone"
        }
      },
      {
        "when": {
          "pattern": "eye",
          "material": "redstone"
        },
        "model": {
          "type": "minecraft:model",
          "model": "minecraft:item/netherite_chestplate/eye/redstone"
        }
      },
      {
        "when": {
          "pattern": "spire",
          "material": "redstone"
        },
        "model": {
          "type": "minecraft:model",
          "model": "minecraft:item/netherite_chestplate/spire/redstone"
        }
      },
      {
        "when": {
          "pattern": "bolt",
          "material": "redstone"
        },
        "model": {
          "type": "minecraft:model",
          "model": "minecraft:item/netherite_chestplate/bolt/redstone"
        }
      },
      {
        "when": {
          "pattern": "flow",
          "material": "redstone"
        },
        "model": {
          "type": "minecraft:model",
          "model": "minecraft:item/netherite_chestplate/flow/redstone"
        }
      },
      {
        "when": {
          "pattern": "sentry",
          "material": "copper"
        },
        "model": {
          "type": "minecraft:model",
          "model": "minecraft:item/netherite_chestplate/sentry/copper"
        }
      },
      {
        "when": {
          "pattern": "vex",
          "material": "copper"
        },
        "model": {
          "type": "minecraft:model",
          "model": "minecraft:item/netherite_chestplate/vex/copper"
        }
      },
      {
        "when": {
          "pattern": "wild",
          "material": "copper"
        },
        "model": {
          "type": "minecraft:model",
          "model": "minecraft:item/netherite_chestplate/wild/copper"
        }
      },
      {
        "when": {
          "pattern": "coast",
          "material": "copper"
        },
        "model": {
          "type": "minecraft:model",
          "model": "minecraft:item/netherite_chestplate/coast/copper"
        }
      },
      {
        "when": {
          "pattern": "dune",
          "material": "copper"
        },
        "model": {
          "type": "minecraft:model",
          "model": "minecraft:item/netherite_chestplate/dune/copper"
        }
      },
      {
        "when": {
          "pattern": "wayfinder",
          "material": "copper"
        },
        "model": {
          "type": "minecraft:model",
          "model": "minecraft:item/netherite_chestplate/wayfinder/copper"
        }
      },
      {
        "when": {
          "pattern": "raiser",
          "material": "copper"
        },
        "model": {
          "type": "minecraft:model",
          "model": "minecraft:item/netherite_chestplate/raiser/copper"
        }
      },
      {
        "when": {
          "pattern": "shaper",
          "material": "copper"
        },
        "model": {
          "type": "minecraft:model",
          "model": "minecraft:item/netherite_chestplate/shaper/copper"
        }
      },
      {
        "when": {
          "pattern": "host",
          "material": "copper"
        },
        "model": {
          "type": "minecraft:model",
          "model": "minecraft:item/netherite_chestplate/host/copper"
        }
      },
      {
        "when": {
          "pattern": "ward",
          "material": "copper"
        },
        "model": {
          "type": "minecraft:model",
          "model": "minecraft:item/netherite_chestplate/ward/copper"
        }
      },
      {
        "when": {
          "pattern": "silence",
          "material": "copper"
        },
        "model": {
          "type": "minecraft:model",
          "model": "minecraft:item/netherite_chestplate/silence/copper"
        }
      },
      {
        "when": {
          "pattern": "tide",
          "material": "copper"
        },
        "model": {
          "type": "minecraft:model",
          "model": "minecraft:item/netherite_chestplate/tide/copper"
        }
      },
      {
        "when": {
          "pattern": "snout",
          "material": "copper"
        },
        "model": {
          "type": "minecraft:model",
          "model": "minecraft:item/netherite_chestplate/snout/copper"
        }
      },
      {
        "when": {
          "pattern": "rib",
          "material": "copper"
        },
        "model": {
          "type": "minecraft:model",
          "model": "minecraft:item/netherite_chestplate/rib/copper"
        }
      },
      {
        "when": {
          "pattern": "eye",
          "material": "copper"
        },
        "model": {
          "type": "minecraft:model",
          "model": "minecraft:item/netherite_chestplate/eye/copper"
        }
      },
      {
        "when": {
          "pattern": "spire",
          "material": "copper"
        },
        "model": {
          "type": "minecraft:model",
          "model": "minecraft:item/netherite_chestplate/spire/copper"
        }
      },
      {
        "when": {
          "pattern": "bolt",
          "material": "copper"
        },
        "model": {
          "type": "minecraft:model",
          "model": "minecraft:item/netherite_chestplate/bolt/copper"
        }
      },
      {
        "when": {
          "pattern": "flow",
          "material": "copper"
        },
        "model": {
          "type": "minecraft:model",
          "model": "minecraft:item/netherite_chestplate/flow/copper"
        }
      },
      {
        "when": {
          "pattern": "sentry",
          "material": "gold"
        },
        "model": {
          "type": "minecraft:model",
          "model": "minecraft:item/netherite_chestplate/sentry/gold"
        }
      },
      {
        "when": {
          "pattern": "vex",
          "material": "gold"
        },
        "model": {
          "type": "minecraft:model",
          "model": "minecraft:item/netherite_chestplate/vex/gold"
        }
      },
      {
        "when": {
          "pattern": "wild",
          "material": "gold"
        },
        "model": {
          "type": "minecraft:model",
          "model": "minecraft:item/netherite_chestplate/wild/gold"
        }
      },
      {
        "when": {
          "pattern": "coast",
          "material": "gold"
        },
        "model": {
          "type": "minecraft:model",
          "model": "minecraft:item/netherite_chestplate/coast/gold"
        }
      },
      {
        "when": {
          "pattern": "dune",
          "material": "gold"
        },
        "model": {
          "type": "minecraft:model",
          "model": "minecraft:item/netherite_chestplate/dune/gold"
        }
      },
      {
        "when": {
          "pattern": "wayfinder",
          "material": "gold"
        },
        "model": {
          "type": "minecraft:model",
          "model": "minecraft:item/netherite_chestplate/wayfinder/gold"
        }
      },
      {
        "when": {
          "pattern": "raiser",
          "material": "gold"
        },
        "model": {
          "type": "minecraft:model",
          "model": "minecraft:item/netherite_chestplate/raiser/gold"
        }
      },
      {
        "when": {
          "pattern": "shaper",
          "material": "gold"
        },
        "model": {
          "type": "minecraft:model",
          "model": "minecraft:item/netherite_chestplate/shaper/gold"
        }
      },
      {
        "when": {
          "pattern": "host",
          "material": "gold"
        },
        "model": {
          "type": "minecraft:model",
          "model": "minecraft:item/netherite_chestplate/host/gold"
        }
      },
      {
        "when": {
          "pattern": "ward",
          "material": "gold"
        },
        "model": {
          "type": "minecraft:model",
          "model": "minecraft:item/netherite_chestplate/ward/gold"
        }
      },
      {
        "when": {
          "pattern": "silence",
          "material": "gold"
        },
        "model": {
          "type": "minecraft:model",
          "model": "minecraft:item/netherite_chestplate/silence/gold"
        }
      },
      {
        "when": {
          "pattern": "tide",
          "material": "gold"
        },
        "model": {
          "type": "minecraft:model",
          "model": "minecraft:item/netherite_chestplate/tide/gold"
        }
      },
      {
        "when": {
          "pattern": "snout",
          "material": "gold"
        },
        "model": {
          "type": "minecraft:model",
          "model": "minecraft:item/netherite_chestplate/snout/gold"
        }
      },
      {
        "when": {
          "pattern": "rib",
          "material": "gold"
        },
        "model": {
          "type": "minecraft:model",
          "model": "minecraft:item/netherite_chestplate/rib/gold"
        }
      },
      {
        "when": {
          "pattern": "eye",
          "material": "gold"
        },
        "model": {
          "type": "minecraft:model",
          "model": "minecraft:item/netherite_chestplate/eye/gold"
        }
      },
      {
        "when": {
          "pattern": "spire",
          "material": "gold"
        },
        "model": {
          "type": "minecraft:model",
          "model": "minecraft:item/netherite_chestplate/spire/gold"
        }
      },
      {
        "when": {
          "pattern": "bolt",
          "material": "gold"
        },
        "model": {
          "type": "minecraft:model",
          "model": "minecraft:item/netherite_chestplate/bolt/gold"
        }
      },
      {
        "when": {
          "pattern": "flow",
          "material": "gold"
        },
        "model": {
          "type": "minecraft:model",
          "model": "minecraft:item/netherite_chestplate/flow/gold"
        }
      },
      {
        "when": {
          "pattern": "sentry",
          "material": "emerald"
        },
        "model": {
          "type": "minecraft:model",
          "model": "minecraft:item/netherite_chestplate/sentry/emerald"
        }
      },
      {
        "when": {
          "pattern": "vex",
          "material": "emerald"
        },
        "model": {
          "type": "minecraft:model",
          "model": "minecraft:item/netherite_chestplate/vex/emerald"
        }
      },
      {
        "when": {
          "pattern": "wild",
          "material": "emerald"
        },
        "model": {
          "type": "minecraft:model",
          "model": "minecraft:item/netherite_chestplate/wild/emerald"
        }
      },
      {
        "when": {
          "pattern": "coast",
          "material": "emerald"
        },
        "model": {
          "type": "minecraft:model",
          "model": "minecraft:item/netherite_chestplate/coast/emerald"
        }
      },
      {
        "when": {
          "pattern": "dune",
          "material": "emerald"
        },
        "model": {
          "type": "minecraft:model",
          "model": "minecraft:item/netherite_chestplate/dune/emerald"
        }
      },
      {
        "when": {
          "pattern": "wayfinder",
          "material": "emerald"
        },
        "model": {
          "type": "minecraft:model",
          "model": "minecraft:item/netherite_chestplate/wayfinder/emerald"
        }
      },
      {
        "when": {
          "pattern": "raiser",
          "material": "emerald"
        },
        "model": {
          "type": "minecraft:model",
          "model": "minecraft:item/netherite_chestplate/raiser/emerald"
        }
      },
      {
        "when": {
          "pattern": "shaper",
          "material": "emerald"
        },
        "model": {
          "type": "minecraft:model",
          "model": "minecraft:item/netherite_chestplate/shaper/emerald"
        }
      },
      {
        "when": {
          "pattern": "host",
          "material": "emerald"
        },
        "model": {
          "type": "minecraft:model",
          "model": "minecraft:item/netherite_chestplate/host/emerald"
        }
      },
      {
        "when": {
          "pattern": "ward",
          "material": "emerald"
        },
        "model": {
          "type": "minecraft:model",
          "model": "minecraft:item/netherite_chestplate/ward/emerald"
        }
      },
      {
        "when": {
          "pattern": "silence",
          "material": "emerald"
        },
        "model": {
          "type": "minecraft:model",
          "model": "minecraft:item/netherite_chestplate/silence/emerald"
        }
      },
      {
        "when": {
          "pattern": "tide",
          "material": "emerald"
        },
        "model": {
          "type": "minecraft:model",
          "model": "minecraft:item/netherite_chestplate/tide/emerald"
        }
      },
      {
        "when": {
          "pattern": "snout",
          "material": "emerald"
        },
        "model": {
          "type": "minecraft:model",
          "model": "minecraft:item/netherite_chestplate/snout/emerald"
        }
      },
      {
        "when": {
          "pattern": "rib",
          "material": "emerald"
        },
        "model": {
          "type": "minecraft:model",
          "model": "minecraft:item/netherite_chestplate/rib/emerald"
        }
      },
      {
        "when": {
          "pattern": "eye",
          "material": "emerald"
        },
        "model": {
          "type": "minecraft:model",
          "model": "minecraft:item/netherite_chestplate/eye/emerald"
        }
      },
      {
        "when": {
          "pattern": "spire",
          "material": "emerald"
        },
        "model": {
          "type": "minecraft:model",
          "model": "minecraft:item/netherite_chestplate/spire/emerald"
        }
      },
      {
        "when": {
          "pattern": "bolt",
          "material": "emerald"
        },
        "model": {
          "type": "minecraft:model",
          "model": "minecraft:item/netherite_chestplate/bolt/emerald"
        }
      },
      {
        "when": {
          "pattern": "flow",
          "material": "emerald"
        },
        "model": {
          "type": "minecraft:model",
          "model": "minecraft:item/netherite_chestplate/flow/emerald"
        }
      },
      {
        "when": {
          "pattern": "sentry",
          "material": "diamond"
        },
        "model": {
          "type": "minecraft:model",
          "model": "minecraft:item/netherite_chestplate/sentry/diamond"
        }
      },
      {
        "when": {
          "pattern": "vex",
          "material": "diamond"
        },
        "model": {
          "type": "minecraft:model",
          "model": "minecraft:item/netherite_chestplate/vex/diamond"
        }
      },
      {
        "when": {
          "pattern": "wild",
          "material": "diamond"
        },
        "model": {
          "type": "minecraft:model",
          "model": "minecraft:item/netherite_chestplate/wild/diamond"
        }
      },
      {
        "when": {
          "pattern": "coast",
          "material": "diamond"
        },
        "model": {
          "type": "minecraft:model",
          "model": "minecraft:item/netherite_chestplate/coast/diamond"
        }
      },
      {
        "when": {
          "pattern": "dune",
          "material": "diamond"
        },
        "model": {
          "type": "minecraft:model",
          "model": "minecraft:item/netherite_chestplate/dune/diamond"
        }
      },
      {
        "when": {
          "pattern": "wayfinder",
          "material": "diamond"
        },
        "model": {
          "type": "minecraft:model",
          "model": "minecraft:item/netherite_chestplate/wayfinder/diamond"
        }
      },
      {
        "when": {
          "pattern": "raiser",
          "material": "diamond"
        },
        "model": {
          "type": "minecraft:model",
          "model": "minecraft:item/netherite_chestplate/raiser/diamond"
        }
      },
      {
        "when": {
          "pattern": "shaper",
          "material": "diamond"
        },
        "model": {
          "type": "minecraft:model",
          "model": "minecraft:item/netherite_chestplate/shaper/diamond"
        }
      },
      {
        "when": {
          "pattern": "host",
          "material": "diamond"
        },
        "model": {
          "type": "minecraft:model",
          "model": "minecraft:item/netherite_chestplate/host/diamond"
        }
      },
      {
        "when": {
          "pattern": "ward",
          "material": "diamond"
        },
        "model": {
          "type": "minecraft:model",
          "model": "minecraft:item/netherite_chestplate/ward/diamond"
        }
      },
      {
        "when": {
          "pattern": "silence",
          "material": "diamond"
        },
        "model": {
          "type": "minecraft:model",
          "model": "minecraft:item/netherite_chestplate/silence/diamond"
        }
      },
      {
        "when": {
          "pattern": "tide",
          "material": "diamond"
        },
        "model": {
          "type": "minecraft:model",
          "model": "minecraft:item/netherite_chestplate/tide/diamond"
        }
      },
      {
        "when": {
          "pattern": "snout",
          "material": "diamond"
        },
        "model": {
          "type": "minecraft:model",
          "model": "minecraft:item/netherite_chestplate/snout/diamond"
        }
      },
      {
        "when": {
          "pattern": "rib",
          "material": "diamond"
        },
        "model": {
          "type": "minecraft:model",
          "model": "minecraft:item/netherite_chestplate/rib/diamond"
        }
      },
      {
        "when": {
          "pattern": "eye",
          "material": "diamond"
        },
        "model": {
          "type": "minecraft:model",
          "model": "minecraft:item/netherite_chestplate/eye/diamond"
        }
      },
      {
        "when": {
          "pattern": "spire",
          "material": "diamond"
        },
        "model": {
          "type": "minecraft:model",
          "model": "minecraft:item/netherite_chestplate/spire/diamond"
        }
      },
      {
        "when": {
          "pattern": "bolt",
          "material": "diamond"
        },
        "model": {
          "type": "minecraft:model",
          "model": "minecraft:item/netherite_chestplate/bolt/diamond"
        }
      },
      {
        "when": {
          "pattern": "flow",
          "material": "diamond"
        },
        "model": {
          "type": "minecraft:model",
          "model": "minecraft:item/netherite_chestplate/flow/diamond"
        }
      },
      {
        "when": {
          "pattern": "sentry",
          "material": "lapis"
        },
        "model": {
          "type": "minecraft:model",
          "model": "minecraft:item/netherite_chestplate/sentry/lapis"
        }
      },
      {
        "when": {
          "pattern": "vex",
          "material": "lapis"
        },
        "model": {
          "type": "minecraft:model",
          "model": "minecraft:item/netherite_chestplate/vex/lapis"
        }
      },
      {
        "when": {
          "pattern": "wild",
          "material": "lapis"
        },
        "model": {
          "type": "minecraft:model",
          "model": "minecraft:item/netherite_chestplate/wild/lapis"
        }
      },
      {
        "when": {
          "pattern": "coast",
          "material": "lapis"
        },
        "model": {
          "type": "minecraft:model",
          "model": "minecraft:item/netherite_chestplate/coast/lapis"
        }
      },
      {
        "when": {
          "pattern": "dune",
          "material": "lapis"
        },
        "model": {
          "type": "minecraft:model",
          "model": "minecraft:item/netherite_chestplate/dune/lapis"
        }
      },
      {
        "when": {
          "pattern": "wayfinder",
          "material": "lapis"
        },
        "model": {
          "type": "minecraft:model",
          "model": "minecraft:item/netherite_chestplate/wayfinder/lapis"
        }
      },
      {
        "when": {
          "pattern": "raiser",
          "material": "lapis"
        },
        "model": {
          "type": "minecraft:model",
          "model": "minecraft:item/netherite_chestplate/raiser/lapis"
        }
      },
      {
        "when": {
          "pattern": "shaper",
          "material": "lapis"
        },
        "model": {
          "type": "minecraft:model",
          "model": "minecraft:item/netherite_chestplate/shaper/lapis"
        }
      },
      {
        "when": {
          "pattern": "host",
          "material": "lapis"
        },
        "model": {
          "type": "minecraft:model",
          "model": "minecraft:item/netherite_chestplate/host/lapis"
        }
      },
      {
        "when": {
          "pattern": "ward",
          "material": "lapis"
        },
        "model": {
          "type": "minecraft:model",
          "model": "minecraft:item/netherite_chestplate/ward/lapis"
        }
      },
      {
        "when": {
          "pattern": "silence",
          "material": "lapis"
        },
        "model": {
          "type": "minecraft:model",
          "model": "minecraft:item/netherite_chestplate/silence/lapis"
        }
      },
      {
        "when": {
          "pattern": "tide",
          "material": "lapis"
        },
        "model": {
          "type": "minecraft:model",
          "model": "minecraft:item/netherite_chestplate/tide/lapis"
        }
      },
      {
        "when": {
          "pattern": "snout",
          "material": "lapis"
        },
        "model": {
          "type": "minecraft:model",
          "model": "minecraft:item/netherite_chestplate/snout/lapis"
        }
      },
      {
        "when": {
          "pattern": "rib",
          "material": "lapis"
        },
        "model": {
          "type": "minecraft:model",
          "model": "minecraft:item/netherite_chestplate/rib/lapis"
        }
      },
      {
        "when": {
          "pattern": "eye",
          "material": "lapis"
        },
        "model": {
          "type": "minecraft:model",
          "model": "minecraft:item/netherite_chestplate/eye/lapis"
        }
      },
      {
        "when": {
          "pattern": "spire",
          "material": "lapis"
        },
        "model": {
          "type": "minecraft:model",
          "model": "minecraft:item/netherite_chestplate/spire/lapis"
        }
      },
      {
        "when": {
          "pattern": "bolt",
          "material": "lapis"
        },
        "model": {
          "type": "minecraft:model",
          "model": "minecraft:item/netherite_chestplate/bolt/lapis"
        }
      },
      {
        "when": {
          "pattern": "flow",
          "material": "lapis"
        },
        "model": {
          "type": "minecraft:model",
          "model": "minecraft:item/netherite_chestplate/flow/lapis"
        }
      },
      {
        "when": {
          "pattern": "sentry",
          "material": "amethyst"
        },
        "model": {
          "type": "minecraft:model",
          "model": "minecraft:item/netherite_chestplate/sentry/amethyst"
        }
      },
      {
        "when": {
          "pattern": "vex",
          "material": "amethyst"
        },
        "model": {
          "type": "minecraft:model",
          "model": "minecraft:item/netherite_chestplate/vex/amethyst"
        }
      },
      {
        "when": {
          "pattern": "wild",
          "material": "amethyst"
        },
        "model": {
          "type": "minecraft:model",
          "model": "minecraft:item/netherite_chestplate/wild/amethyst"
        }
      },
      {
        "when": {
          "pattern": "coast",
          "material": "amethyst"
        },
        "model": {
          "type": "minecraft:model",
          "model": "minecraft:item/netherite_chestplate/coast/amethyst"
        }
      },
      {
        "when": {
          "pattern": "dune",
          "material": "amethyst"
        },
        "model": {
          "type": "minecraft:model",
          "model": "minecraft:item/netherite_chestplate/dune/amethyst"
        }
      },
      {
        "when": {
          "pattern": "wayfinder",
          "material": "amethyst"
        },
        "model": {
          "type": "minecraft:model",
          "model": "minecraft:item/netherite_chestplate/wayfinder/amethyst"
        }
      },
      {
        "when": {
          "pattern": "raiser",
          "material": "amethyst"
        },
        "model": {
          "type": "minecraft:model",
          "model": "minecraft:item/netherite_chestplate/raiser/amethyst"
        }
      },
      {
        "when": {
          "pattern": "shaper",
          "material": "amethyst"
        },
        "model": {
          "type": "minecraft:model",
          "model": "minecraft:item/netherite_chestplate/shaper/amethyst"
        }
      },
      {
        "when": {
          "pattern": "host",
          "material": "amethyst"
        },
        "model": {
          "type": "minecraft:model",
          "model": "minecraft:item/netherite_chestplate/host/amethyst"
        }
      },
      {
        "when": {
          "pattern": "ward",
          "material": "amethyst"
        },
        "model": {
          "type": "minecraft:model",
          "model": "minecraft:item/netherite_chestplate/ward/amethyst"
        }
      },
      {
        "when": {
          "pattern": "silence",
          "material": "amethyst"
        },
        "model": {
          "type": "minecraft:model",
          "model": "minecraft:item/netherite_chestplate/silence/amethyst"
        }
      },
      {
        "when": {
          "pattern": "tide",
          "material": "amethyst"
        },
        "model": {
          "type": "minecraft:model",
          "model": "minecraft:item/netherite_chestplate/tide/amethyst"
        }
      },
      {
        "when": {
          "pattern": "snout",
          "material": "amethyst"
        },
        "model": {
          "type": "minecraft:model",
          "model": "minecraft:item/netherite_chestplate/snout/amethyst"
        }
      },
      {
        "when": {
          "pattern": "rib",
          "material": "amethyst"
        },
        "model": {
          "type": "minecraft:model",
          "model": "minecraft:item/netherite_chestplate/rib/amethyst"
        }
      },
      {
        "when": {
          "pattern": "eye",
          "material": "amethyst"
        },
        "model": {
          "type": "minecraft:model",
          "model": "minecraft:item/netherite_chestplate/eye/amethyst"
        }
      },
      {
        "when": {
          "pattern": "spire",
          "material": "amethyst"
        },
        "model": {
          "type": "minecraft:model",
          "model": "minecraft:item/netherite_chestplate/spire/amethyst"
        }
      },
      {
        "when": {
          "pattern": "bolt",
          "material": "amethyst"
        },
        "model": {
          "type": "minecraft:model",
          "model": "minecraft:item/netherite_chestplate/bolt/amethyst"
        }
      },
      {
        "when": {
          "pattern": "flow",
          "material": "amethyst"
        },
        "model": {
          "type": "minecraft:model",
          "model": "minecraft:item/netherite_chestplate/flow/amethyst"
        }
      },
      {
        "when": {
          "pattern": "sentry",
          "material": "quartz"
        },
        "model": {
          "type": "minecraft:model",
          "model": "minecraft:item/netherite_chestplate/sentry/quartz"
        }
      },
      {
        "when": {
          "pattern": "vex",
          "material": "quartz"
        },
        "model": {
          "type": "minecraft:model",
          "model": "minecraft:item/netherite_chestplate/vex/quartz"
        }
      },
      {
        "when": {
          "pattern": "wild",
          "material": "quartz"
        },
        "model": {
          "type": "minecraft:model",
          "model": "minecraft:item/netherite_chestplate/wild/quartz"
        }
      },
      {
        "when": {
          "pattern": "coast",
          "material": "quartz"
        },
        "model": {
          "type": "minecraft:model",
          "model": "minecraft:item/netherite_chestplate/coast/quartz"
        }
      },
      {
        "when": {
          "pattern": "dune",
          "material": "quartz"
        },
        "model": {
          "type": "minecraft:model",
          "model": "minecraft:item/netherite_chestplate/dune/quartz"
        }
      },
      {
        "when": {
          "pattern": "wayfinder",
          "material": "quartz"
        },
        "model": {
          "type": "minecraft:model",
          "model": "minecraft:item/netherite_chestplate/wayfinder/quartz"
        }
      },
      {
        "when": {
          "pattern": "raiser",
          "material": "quartz"
        },
        "model": {
          "type": "minecraft:model",
          "model": "minecraft:item/netherite_chestplate/raiser/quartz"
        }
      },
      {
        "when": {
          "pattern": "shaper",
          "material": "quartz"
        },
        "model": {
          "type": "minecraft:model",
          "model": "minecraft:item/netherite_chestplate/shaper/quartz"
        }
      },
      {
        "when": {
          "pattern": "host",
          "material": "quartz"
        },
        "model": {
          "type": "minecraft:model",
          "model": "minecraft:item/netherite_chestplate/host/quartz"
        }
      },
      {
        "when": {
          "pattern": "ward",
          "material": "quartz"
        },
        "model": {
          "type": "minecraft:model",
          "model": "minecraft:item/netherite_chestplate/ward/quartz"
        }
      },
      {
        "when": {
          "pattern": "silence",
          "material": "quartz"
        },
        "model": {
          "type": "minecraft:model",
          "model": "minecraft:item/netherite_chestplate/silence/quartz"
        }
      },
      {
        "when": {
          "pattern": "tide",
          "material": "quartz"
        },
        "model": {
          "type": "minecraft:model",
          "model": "minecraft:item/netherite_chestplate/tide/quartz"
        }
      },
      {
        "when": {
          "pattern": "snout",
          "material": "quartz"
        },
        "model": {
          "type": "minecraft:model",
          "model": "minecraft:item/netherite_chestplate/snout/quartz"
        }
      },
      {
        "when": {
          "pattern": "rib",
          "material": "quartz"
        },
        "model": {
          "type": "minecraft:model",
          "model": "minecraft:item/netherite_chestplate/rib/quartz"
        }
      },
      {
        "when": {
          "pattern": "eye",
          "material": "quartz"
        },
        "model": {
          "type": "minecraft:model",
          "model": "minecraft:item/netherite_chestplate/eye/quartz"
        }
      },
      {
        "when": {
          "pattern": "spire",
          "material": "quartz"
        },
        "model": {
          "type": "minecraft:model",
          "model": "minecraft:item/netherite_chestplate/spire/quartz"
        }
      },
      {
        "when": {
          "pattern": "bolt",
          "material": "quartz"
        },
        "model": {
          "type": "minecraft:model",
          "model": "minecraft:item/netherite_chestplate/bolt/quartz"
        }
      },
      {
        "when": {
          "pattern": "flow",
          "material": "quartz"
        },
        "model": {
          "type": "minecraft:model",
          "model": "minecraft:item/netherite_chestplate/flow/quartz"
        }
      },
      {
        "when": {
          "pattern": "sentry",
          "material": "iron"
        },
        "model": {
          "type": "minecraft:model",
          "model": "minecraft:item/netherite_chestplate/sentry/iron"
        }
      },
      {
        "when": {
          "pattern": "vex",
          "material": "iron"
        },
        "model": {
          "type": "minecraft:model",
          "model": "minecraft:item/netherite_chestplate/vex/iron"
        }
      },
      {
        "when": {
          "pattern": "wild",
          "material": "iron"
        },
        "model": {
          "type": "minecraft:model",
          "model": "minecraft:item/netherite_chestplate/wild/iron"
        }
      },
      {
        "when": {
          "pattern": "coast",
          "material": "iron"
        },
        "model": {
          "type": "minecraft:model",
          "model": "minecraft:item/netherite_chestplate/coast/iron"
        }
      },
      {
        "when": {
          "pattern": "dune",
          "material": "iron"
        },
        "model": {
          "type": "minecraft:model",
          "model": "minecraft:item/netherite_chestplate/dune/iron"
        }
      },
      {
        "when": {
          "pattern": "wayfinder",
          "material": "iron"
        },
        "model": {
          "type": "minecraft:model",
          "model": "minecraft:item/netherite_chestplate/wayfinder/iron"
        }
      },
      {
        "when": {
          "pattern": "raiser",
          "material": "iron"
        },
        "model": {
          "type": "minecraft:model",
          "model": "minecraft:item/netherite_chestplate/raiser/iron"
        }
      },
      {
        "when": {
          "pattern": "shaper",
          "material": "iron"
        },
        "model": {
          "type": "minecraft:model",
          "model": "minecraft:item/netherite_chestplate/shaper/iron"
        }
      },
      {
        "when": {
          "pattern": "host",
          "material": "iron"
        },
        "model": {
          "type": "minecraft:model",
          "model": "minecraft:item/netherite_chestplate/host/iron"
        }
      },
      {
        "when": {
          "pattern": "ward",
          "material": "iron"
        },
        "model": {
          "type": "minecraft:model",
          "model": "minecraft:item/netherite_chestplate/ward/iron"
        }
      },
      {
        "when": {
          "pattern": "silence",
          "material": "iron"
        },
        "model": {
          "type": "minecraft:model",
          "model": "minecraft:item/netherite_chestplate/silence/iron"
        }
      },
      {
        "when": {
          "pattern": "tide",
          "material": "iron"
        },
        "model": {
          "type": "minecraft:model",
          "model": "minecraft:item/netherite_chestplate/tide/iron"
        }
      },
      {
        "when": {
          "pattern": "snout",
          "material": "iron"
        },
        "model": {
          "type": "minecraft:model",
          "model": "minecraft:item/netherite_chestplate/snout/iron"
        }
      },
      {
        "when": {
          "pattern": "rib",
          "material": "iron"
        },
        "model": {
          "type": "minecraft:model",
          "model": "minecraft:item/netherite_chestplate/rib/iron"
        }
      },
      {
        "when": {
          "pattern": "eye",
          "material": "iron"
        },
        "model": {
          "type": "minecraft:model",
          "model": "minecraft:item/netherite_chestplate/eye/iron"
        }
      },
      {
        "when": {
          "pattern": "spire",
          "material": "iron"
        },
        "model": {
          "type": "minecraft:model",
          "model": "minecraft:item/netherite_chestplate/spire/iron"
        }
      },
      {
        "when": {
          "pattern": "bolt",
          "material": "iron"
        },
        "model": {
          "type": "minecraft:model",
          "model": "minecraft:item/netherite_chestplate/bolt/iron"
        }
      },
      {
        "when": {
          "pattern": "flow",
          "material": "iron"
        },
        "model": {
          "type": "minecraft:model",
          "model": "minecraft:item/netherite_chestplate/flow/iron"
        }
      },
      {
        "when": {
          "pattern": "sentry",
          "material": "netherite"
        },
        "model": {
          "type": "minecraft:model",
          "model": "minecraft:item/netherite_chestplate/sentry/netherite"
        }
      },
      {
        "when": {
          "pattern": "vex",
          "material": "netherite"
        },
        "model": {
          "type": "minecraft:model",
          "model": "minecraft:item/netherite_chestplate/vex/netherite"
        }
      },
      {
        "when": {
          "pattern": "wild",
          "material": "netherite"
        },
        "model": {
          "type": "minecraft:model",
          "model": "minecraft:item/netherite_chestplate/wild/netherite"
        }
      },
      {
        "when": {
          "pattern": "coast",
          "material": "netherite"
        },
        "model": {
          "type": "minecraft:model",
          "model": "minecraft:item/netherite_chestplate/coast/netherite"
        }
      },
      {
        "when": {
          "pattern": "dune",
          "material": "netherite"
        },
        "model": {
          "type": "minecraft:model",
          "model": "minecraft:item/netherite_chestplate/dune/netherite"
        }
      },
      {
        "when": {
          "pattern": "wayfinder",
          "material": "netherite"
        },
        "model": {
          "type": "minecraft:model",
          "model": "minecraft:item/netherite_chestplate/wayfinder/netherite"
        }
      },
      {
        "when": {
          "pattern": "raiser",
          "material": "netherite"
        },
        "model": {
          "type": "minecraft:model",
          "model": "minecraft:item/netherite_chestplate/raiser/netherite"
        }
      },
      {
        "when": {
          "pattern": "shaper",
          "material": "netherite"
        },
        "model": {
          "type": "minecraft:model",
          "model": "minecraft:item/netherite_chestplate/shaper/netherite"
        }
      },
      {
        "when": {
          "pattern": "host",
          "material": "netherite"
        },
        "model": {
          "type": "minecraft:model",
          "model": "minecraft:item/netherite_chestplate/host/netherite"
        }
      },
      {
        "when": {
          "pattern": "ward",
          "material": "netherite"
        },
        "model": {
          "type": "minecraft:model",
          "model": "minecraft:item/netherite_chestplate/ward/netherite"
        }
      },
      {
        "when": {
          "pattern": "silence",
          "material": "netherite"
        },
        "model": {
          "type": "minecraft:model",
          "model": "minecraft:item/netherite_chestplate/silence/netherite"
        }
      },
      {
        "when": {
          "pattern": "tide",
          "material": "netherite"
        },
        "model": {
          "type": "minecraft:model",
          "model": "minecraft:item/netherite_chestplate/tide/netherite"
        }
      },
      {
        "when": {
          "pattern": "snout",
          "material": "netherite"
        },
        "model": {
          "type": "minecraft:model",
          "model": "minecraft:item/netherite_chestplate/snout/netherite"
        }
      },
      {
        "when": {
          "pattern": "rib",
          "material": "netherite"
        },
        "model": {
          "type": "minecraft:model",
          "model": "minecraft:item/netherite_chestplate/rib/netherite"
        }
      },
      {
        "when": {
          "pattern": "eye",
          "material": "netherite"
        },
        "model": {
          "type": "minecraft:model",
          "model": "minecraft:item/netherite_chestplate/eye/netherite"
        }
      },
      {
        "when": {
          "pattern": "spire",
          "material": "netherite"
        },
        "model": {
          "type": "minecraft:model",
          "model": "minecraft:item/netherite_chestplate/spire/netherite"
        }
      },
      {
        "when": {
          "pattern": "bolt",
          "material": "netherite"
        },
        "model": {
          "type": "minecraft:model",
          "model": "minecraft:item/netherite_chestplate/bolt/netherite"
        }
      },
      {
        "when": {
          "pattern": "flow",
          "material": "netherite"
        },
        "model": {
          "type": "minecraft:model",
          "model": "minecraft:item/netherite_chestplate/flow/netherite"
        }
      },
      {
        "when": {
          "pattern": "sentry",
          "material": "resin"
        },
        "model": {
          "type": "minecraft:model",
          "model": "minecraft:item/netherite_chestplate/sentry/resin"
        }
      },
      {
        "when": {
          "pattern": "vex",
          "material": "resin"
        },
        "model": {
          "type": "minecraft:model",
          "model": "minecraft:item/netherite_chestplate/vex/resin"
        }
      },
      {
        "when": {
          "pattern": "wild",
          "material": "resin"
        },
        "model": {
          "type": "minecraft:model",
          "model": "minecraft:item/netherite_chestplate/wild/resin"
        }
      },
      {
        "when": {
          "pattern": "coast",
          "material": "resin"
        },
        "model": {
          "type": "minecraft:model",
          "model": "minecraft:item/netherite_chestplate/coast/resin"
        }
      },
      {
        "when": {
          "pattern": "dune",
          "material": "resin"
        },
        "model": {
          "type": "minecraft:model",
          "model": "minecraft:item/netherite_chestplate/dune/resin"
        }
      },
      {
        "when": {
          "pattern": "wayfinder",
          "material": "resin"
        },
        "model": {
          "type": "minecraft:model",
          "model": "minecraft:item/netherite_chestplate/wayfinder/resin"
        }
      },
      {
        "when": {
          "pattern": "raiser",
          "material": "resin"
        },
        "model": {
          "type": "minecraft:model",
          "model": "minecraft:item/netherite_chestplate/raiser/resin"
        }
      },
      {
        "when": {
          "pattern": "shaper",
          "material": "resin"
        },
        "model": {
          "type": "minecraft:model",
          "model": "minecraft:item/netherite_chestplate/shaper/resin"
        }
      },
      {
        "when": {
          "pattern": "host",
          "material": "resin"
        },
        "model": {
          "type": "minecraft:model",
          "model": "minecraft:item/netherite_chestplate/host/resin"
        }
      },
      {
        "when": {
          "pattern": "ward",
          "material": "resin"
        },
        "model": {
          "type": "minecraft:model",
          "model": "minecraft:item/netherite_chestplate/ward/resin"
        }
      },
      {
        "when": {
          "pattern": "silence",
          "material": "resin"
        },
        "model": {
          "type": "minecraft:model",
          "model": "minecraft:item/netherite_chestplate/silence/resin"
        }
      },
      {
        "when": {
          "pattern": "tide",
          "material": "resin"
        },
        "model": {
          "type": "minecraft:model",
          "model": "minecraft:item/netherite_chestplate/tide/resin"
        }
      },
      {
        "when": {
          "pattern": "snout",
          "material": "resin"
        },
        "model": {
          "type": "minecraft:model",
          "model": "minecraft:item/netherite_chestplate/snout/resin"
        }
      },
      {
        "when": {
          "pattern": "rib",
          "material": "resin"
        },
        "model": {
          "type": "minecraft:model",
          "model": "minecraft:item/netherite_chestplate/rib/resin"
        }
      },
      {
        "when": {
          "pattern": "eye",
          "material": "resin"
        },
        "model": {
          "type": "minecraft:model",
          "model": "minecraft:item/netherite_chestplate/eye/resin"
        }
      },
      {
        "when": {
          "pattern": "spire",
          "material": "resin"
        },
        "model": {
          "type": "minecraft:model",
          "model": "minecraft:item/netherite_chestplate/spire/resin"
        }
      },
      {
        "when": {
          "pattern": "bolt",
          "material": "resin"
        },
        "model": {
          "type": "minecraft:model",
          "model": "minecraft:item/netherite_chestplate/bolt/resin"
        }
      },
      {
        "when": {
          "pattern": "flow",
          "material": "resin"
        },
        "model": {
          "type": "minecraft:model",
          "model": "minecraft:item/netherite_chestplate/flow/resin"
        }
      }
    ],
    "fallback": {
      "type": "minecraft:model",
      "model": "minecraft:item/netherite_chestplate"
    },
    "property": "minecraft:component",
    "component": "minecraft:trim"
  }
}