{
	"credit": "Made with Blockbench",
	"textures": {
		"bottom": "block/cake_bottom",
		"top": "block/cake_top",
		"particle": "block/cake_side",
		"side": "block/cake_side",
		"inside": "block/cake_inner"
	},
	"elements": [
		{
			"from": [9, 0, 1],
			"to": [15, 8, 15],
			"faces": {
				"north": {"uv": [1, 8, 7, 16], "texture": "#side"},
				"east": {"uv": [1, 8, 15, 16], "texture": "#side"},
				"south": {"uv": [9, 8, 15, 16], "texture": "#side"},
				"west": {"uv": [1, 8, 15, 16], "texture": "#inside"},
				"up": {"uv": [9, 1, 15, 15], "texture": "#top"},
				"down": {"uv": [9, 1, 15, 15], "texture": "#bottom", "cullface": "down"}
			}
		},
		{
			"from": [9, 8, 7],
			"to": [10, 8.5, 9],
			"faces": {
				"north": {"uv": [9, 7, 10, 8], "texture": "#top"},
				"east": {"uv": [9, 7, 10, 9], "rotation": 90, "texture": "#top"},
				"south": {"uv": [9, 8, 10, 9], "texture": "#top"},
				"west": {"uv": [9, 7, 10, 9], "rotation": 270, "texture": "#top"},
				"up": {"uv": [9, 7, 10, 9], "texture": "#top"}
			}
		},
		{
			"from": [11, 7.5, 2],
			"to": [12, 8.5, 3],
			"faces": {
				"north": {"uv": [11, 2, 12, 3], "texture": "#top"},
				"east": {"uv": [11, 2, 12, 3], "texture": "#top"},
				"south": {"uv": [11, 2, 12, 3], "texture": "#top"},
				"west": {"uv": [11, 2, 12, 3], "texture": "#top"},
				"up": {"uv": [11, 2, 12, 3], "texture": "#top"}
			}
		},
		{
			"from": [11, 7.5, 5],
			"to": [12, 8.5, 6],
			"faces": {
				"north": {"uv": [11, 5, 12, 6], "texture": "#top"},
				"east": {"uv": [11, 5, 12, 6], "texture": "#top"},
				"south": {"uv": [11, 5, 12, 6], "texture": "#top"},
				"west": {"uv": [11, 5, 12, 6], "texture": "#top"},
				"up": {"uv": [11, 5, 12, 6], "texture": "#top"}
			}
		},
		{
			"from": [13, 7.5, 9],
			"to": [14, 8.5, 10],
			"faces": {
				"north": {"uv": [13, 9, 14, 10], "texture": "#top"},
				"east": {"uv": [13, 9, 14, 10], "texture": "#top"},
				"south": {"uv": [13, 9, 14, 10], "texture": "#top"},
				"west": {"uv": [13, 9, 14, 10], "texture": "#top"},
				"up": {"uv": [13, 9, 14, 10], "texture": "#top"}
			}
		},
		{
			"from": [10, 7.5, 12],
			"to": [11, 8.5, 13],
			"faces": {
				"north": {"uv": [10, 12, 11, 13], "texture": "#top"},
				"east": {"uv": [10, 12, 11, 13], "texture": "#top"},
				"south": {"uv": [10, 12, 11, 13], "texture": "#top"},
				"west": {"uv": [10, 12, 11, 13], "texture": "#top"},
				"up": {"uv": [10, 12, 11, 13], "texture": "#top"}
			}
		}
	],
	"groups": [0,
		{
			"name": "group",
			"origin": [8, 8, 8],
			"children": [1, 2, 3, 4, 5]
		}
	]
}