{
	"credit": "Made with Blockbench",
	"parent": "block/block",
	"elements": [
		{
			"from": [0, 0, 0],
			"to": [16, 15, 16],
			"faces": {
				"north": {"uv": [0, 1, 16, 16], "texture": "#dirt", "cullface": "north"},
				"east": {"uv": [0, 1, 16, 16], "texture": "#dirt", "cullface": "east"},
				"south": {"uv": [0, 1, 16, 16], "texture": "#dirt", "cullface": "south"},
				"west": {"uv": [0, 1, 16, 16], "texture": "#dirt", "cullface": "west"},
				"up": {"uv": [0, 0, 16, 16], "texture": "#1"},
				"down": {"uv": [0, 0, 16, 16], "texture": "#dirt", "cullface": "down"}
			}
		},
		{
			"from": [3, 15, 4],
			"to": [4, 15.5, 5],
			"faces": {
				"north": {"uv": [3, 4, 4, 5], "texture": "#top"},
				"east": {"uv": [3, 4, 4, 5], "texture": "#top"},
				"south": {"uv": [3, 4, 4, 5], "texture": "#top"},
				"west": {"uv": [3, 4, 4, 5], "texture": "#top"},
				"up": {"uv": [3, 4, 4, 5], "texture": "#top"},
				"down": {"uv": [0, 0, 0, 0], "texture": "#top"}
			}
		},
		{
			"from": [2, 15, 11],
			"to": [3, 15.5, 12],
			"faces": {
				"north": {"uv": [2, 11, 3, 12], "texture": "#top"},
				"east": {"uv": [2, 11, 3, 12], "texture": "#top"},
				"south": {"uv": [2, 11, 3, 12], "texture": "#top"},
				"west": {"uv": [2, 11, 3, 12], "texture": "#top"},
				"up": {"uv": [2, 11, 3, 12], "texture": "#top"},
				"down": {"uv": [0, 0, 0, 0], "texture": "#top"}
			}
		},
		{
			"from": [8, 15, 6],
			"to": [9, 15.5, 7],
			"faces": {
				"north": {"uv": [8, 6, 9, 7], "texture": "#top"},
				"east": {"uv": [8, 6, 9, 7], "texture": "#top"},
				"south": {"uv": [8, 6, 9, 7], "texture": "#top"},
				"west": {"uv": [8, 6, 9, 7], "texture": "#top"},
				"up": {"uv": [8, 6, 9, 7], "texture": "#top"},
				"down": {"uv": [0, 0, 0, 0], "texture": "#top"}
			}
		},
		{
			"from": [13, 15, 12],
			"to": [14, 15.5, 13],
			"faces": {
				"north": {"uv": [13, 12, 14, 13], "texture": "#top"},
				"east": {"uv": [13, 12, 14, 13], "texture": "#top"},
				"south": {"uv": [13, 12, 14, 13], "texture": "#top"},
				"west": {"uv": [13, 12, 14, 13], "texture": "#top"},
				"up": {"uv": [13, 12, 14, 13], "texture": "#top"},
				"down": {"uv": [0, 0, 0, 0], "texture": "#top"}
			}
		}
	]
}