{
	"credit": "Made with Blockbench",
	"texture_size": [32, 32],
	"textures": {
		"0": "item/totem_of_undying",
		"particle": "item/totem_of_undying"
	},
	"elements": [
		{
			"from": [9, 0, 7],
			"to": [11, 3, 9],
			"faces": {
				"north": {"uv": [14.5, 0, 15.5, 1.5], "texture": "#0"},
				"east": {"uv": [14.5, 0, 15.5, 1.5], "texture": "#0"},
				"south": {"uv": [14.5, 0, 15.5, 1.5], "texture": "#0"},
				"west": {"uv": [14.5, 0, 15.5, 1.5], "texture": "#0"},
				"up": {"uv": [14.5, 1.5, 15.5, 2.5], "texture": "#0"},
				"down": {"uv": [14.5, 1.5, 15.5, 2.5], "texture": "#0"}
			}
		},
		{
			"from": [5, 0, 7],
			"to": [7, 3, 9],
			"faces": {
				"north": {"uv": [14.5, 0, 15.5, 1.5], "texture": "#0"},
				"east": {"uv": [14.5, 0, 15.5, 1.5], "texture": "#0"},
				"south": {"uv": [14.5, 0, 15.5, 1.5], "texture": "#0"},
				"west": {"uv": [14.5, 0, 15.5, 1.5], "texture": "#0"},
				"up": {"uv": [14.5, 1.5, 15.5, 2.5], "texture": "#0"},
				"down": {"uv": [14.5, 1.5, 15.5, 2.5], "texture": "#0"}
			}
		},
		{
			"from": [5, 3, 6],
			"to": [11, 10, 10],
			"faces": {
				"north": {"uv": [0, 0, 3, 3.5], "texture": "#0"},
				"east": {"uv": [3, 0, 5, 3.5], "texture": "#0"},
				"south": {"uv": [0, 0, 3, 3.5], "texture": "#0"},
				"west": {"uv": [3, 0, 5, 3.5], "texture": "#0"},
				"up": {"uv": [5, 0, 7, 3], "rotation": 90, "texture": "#0"},
				"down": {"uv": [5, 0, 7, 3], "rotation": 90, "texture": "#0"}
			}
		},
		{
			"from": [5.5, 3.5, 10],
			"to": [10.5, 9.5, 11],
			"faces": {
				"north": {"uv": [10.5, 0, 13, 3], "texture": "#0"},
				"east": {"uv": [12.5, 0, 13, 3], "texture": "#0"},
				"south": {"uv": [10.5, 0, 13, 3], "texture": "#0"},
				"west": {"uv": [10.5, 0, 11, 3], "texture": "#0"},
				"up": {"uv": [13, 0, 10.5, 0.5], "texture": "#0"},
				"down": {"uv": [13, 2.5, 10.5, 3], "texture": "#0"}
			}
		},
		{
			"from": [5.5, 10, 6.5],
			"to": [10.5, 11, 9.5],
			"faces": {
				"north": {"uv": [8.5, 0, 9, 2.5], "rotation": 90, "texture": "#0"},
				"east": {"uv": [7.5, 2, 9, 2.5], "texture": "#0"},
				"south": {"uv": [7.5, 0, 8, 2.5], "rotation": 90, "texture": "#0"},
				"west": {"uv": [7.5, 0, 9, 0.5], "texture": "#0"},
				"up": {"uv": [9, 2.5, 7.5, 0], "rotation": 90, "texture": "#0"},
				"down": {"uv": [9, 0, 7.5, 2.5], "rotation": 90, "texture": "#0"}
			}
		},
		{
			"from": [5.5, 7, 5.5],
			"to": [10.5, 9, 6.5],
			"faces": {
				"north": {"uv": [0.5, 4, 3, 5], "texture": "#0"},
				"east": {"uv": [0.5, 4, 1, 5], "texture": "#0"},
				"south": {"uv": [0.5, 4, 3, 5], "texture": "#0"},
				"west": {"uv": [2.5, 4, 3, 5], "texture": "#0"},
				"up": {"uv": [0.5, 4, 3, 4.5], "rotation": 180, "texture": "#0"},
				"down": {"uv": [0.5, 4.5, 3, 5], "rotation": 180, "texture": "#0"}
			}
		}
	],
	"display": {
		"thirdperson_righthand": {
			"rotation": [0, -180, 0],
			"translation": [0, 5, 0]
		},
		"thirdperson_lefthand": {
			"rotation": [0, -180, 0],
			"translation": [0, 5, 0]
		},
		"firstperson_righthand": {
			"rotation": [0, 140, 0],
			"translation": [0, 3.5, 0]
		},
		"firstperson_lefthand": {
			"rotation": [0, 140, 0],
			"translation": [0, 3.5, 0]
		},
		"ground": {
			"translation": [0, 4, 0]
		},
		"gui": {
			"rotation": [0, -180, 0]
		},
		"head": {
			"translation": [0, 14.5, 0]
		}
	}
}