{
    "variants": {
        "facing=north,lit=false": { "model": "block/furnace/smoker" },
        "facing=south,lit=false": { "model": "block/furnace/smoker", "y": 180 },
        "facing=west,lit=false":  { "model": "block/furnace/smoker", "y": 270 },
        "facing=east,lit=false":  { "model": "block/furnace/smoker", "y": 90 },
        "facing=north,lit=true": { "model": "block/furnace/smoker_on" },
        "facing=south,lit=true": { "model": "block/furnace/smoker_on", "y": 180 },
        "facing=west,lit=true":  { "model": "block/furnace/smoker_on", "y": 270 },
        "facing=east,lit=true":  { "model": "block/furnace/smoker_on", "y": 90 }
    }
}
