{
    "providers": [
        {
            "type": "bitmap",
            "file": "minecraft:font/raid.png",
            "ascent": 13,
            "height": 48,
            "chars": [
                "\ue903"
            ]
        },
        {
            "type": "bitmap",
            "file": "minecraft:font/ferrous.png",
            "ascent": 13,
            "height": 52,
            "chars": [
                "\ue904"
            ]
        },
        {
            "type": "bitmap",
            "file": "minecraft:font/frostmaw.png",
            "ascent": 13,
            "height": 56,
            "chars": [
                "\ue905"
            ]
        },
        {
            "type": "bitmap",
            "file": "minecraft:font/wither.png",
            "ascent": 13,
            "height": 52,
            "chars": [
                "\ue906"
            ]
        },
        {
            "type": "bitmap",
            "file": "minecraft:font/enderdragon.png",
            "ascent": 13,
            "height": 42,
            "chars": [
                "\ue907"
            ]
        },
        {
            "type": "bitmap",
            "file": "minecraft:font/voidworm.png",
            "ascent": 18,
            "height": 37,
            "chars": [
                "\ue909"
            ]
        },
        {
            "type": "bitmap",
            "file": "minecraft:font/swampjaw.png",
            "ascent": 13,
            "height": 47,
            "chars": [
                "\ue910"
            ]
        },
        {
            "type": "bitmap",
            "file": "minecraft:font/witherstorm.png",
            "ascent": 18,
            "height": 64,
            "chars": [
                "\ue911"
            ]
        },
        {
            "type": "bitmap",
            "file": "minecraft:font/bellringer.png",
            "ascent": 13,
            "height": 41,
            "chars": [
                "\ue912"
            ]
        },
        {
            "type": "bitmap",
            "file": "minecraft:font/nightlich.png",
            "ascent": 18,
            "height": 51,
            "chars": [
                "\ue913"
            ]
        },
        {
            "type": "bitmap",
            "file": "minecraft:font/voidblossom.png",
            "ascent": 18,
            "height": 52,
            "chars": [
                "\ue914"
            ]
        },
        {
            "type": "bitmap",
            "file": "minecraft:font/obsidilith.png",
            "ascent": 18,
            "height": 47,
            "chars": [
                "\ue915"
            ]
        },
        {
            "type": "bitmap",
            "file": "minecraft:font/nethergauntlet.png",
            "ascent": 18,
            "height": 35,
            "chars": [
                "\ue916"
            ]
        },
        {
            "type": "reference",
            "id": "minecraft:include/menus"
        },
        {
            "type": "reference",
            "id": "minecraft:include/statistics"
        },
        {
            "type": "reference",
            "id": "minecraft:include/hud"
        },
        {
            "type": "reference",
            "id": "minecraft:include/gui"
        },
        {
            "type": "reference",
            "id": "minecraft:include/advancement"
        },
        {
            "type": "reference",
            "id": "minecraft:include/splash"
        },
        {
            "type": "reference",
            "id": "minecraft:include/firework"
        },
        {
            "type": "reference",
            "id": "minecraft:include/banner_pattern"
        },
        {
            "type": "reference",
            "id": "minecraft:include/language"
        },
        {
            "type": "reference",
            "id": "minecraft:include/tropical_fish"
        },
        {
            "type": "reference",
            "id": "minecraft:include/music"
        },
        {
            "type": "reference",
            "id": "minecraft:include/info"
        },
        {
            "type": "reference",
            "id": "minecraft:include/smithing"
        },
        {
            "type": "reference",
            "id": "minecraft:include/magic"
        },
        {
            "type": "reference",
            "id": "minecraft:include/tooltip"
        },
        {
            "type": "reference",
            "id": "minecraft:include/bee"
        },
        {
            "type": "reference",
            "id": "minecraft:include/toast"
        },
        {
            "type": "space",
            "advances": {
                "\udaf8\udc00": -90,
                "\udaf8\udc01": 2,
                "\udaf8\udc02": -54,
                "\udaf8\udc03": 54,
                "\udaf8\udc04": -30,
                "\udaf8\udc05": -131
            }
        },
        {
            "type": "bitmap",
            "file": "icons:chat/message_type.png",
            "ascent": 7,
            "height": 7,
            "chars": [
                "\udb81\udc20\udb81\udc21\udb81\udc22\udb81\udc23\udb81\udc24\udb81\udc25\udb81\udc26\udb81\udc27"
            ]
        },
        {
            "type": "bitmap",
            "file": "icons:chat/commands.png",
            "ascent": 7,
            "height": 7,
            "chars": [
                "\udb81\udc28\udb81\udc29\udb81\udc2a\udb81\udc2b\udb81\udc2c\udb81\udc2d\udb81\udc2e\udb81\udc2f\udb81\udc30\udb81\udc31\udb81\udc32\udb81\udc33\udb81\udc34\udb81\udc35\udb81\udc36",
                "\udb81\udc37\udb81\udc38\udb81\udc39\udb81\udc3a\udb81\udc3b\udb81\udc3c\udb81\udc3d\udb81\udc3e\udb81\udc3f\udb81\udc40\udb81\udc41\udb81\udc42\udb81\udc43\udb81\udc44\udb81\udc45"
            ]
        },
        {
            "type": "bitmap",
            "file": "icons:chat/whitelist.png",
            "ascent": 7,
            "height": 7,
            "chars": [
                "\udb81\udc46\udb81\udc47\udb81\udc48\udb81\udc49\udb81\udc4a\udb81\udc4b"
            ]
        },
        {
            "type": "bitmap",
            "file": "vocal_villagers:font/credit.png",
            "ascent": 8,
            "height": 10,
            "chars": [
                "\uf630"
            ]
        }
    ]
}