{
    "sources": [
        {
            "type": "paletted_permutations",
            "textures": [
                "trims/items/boots_trim/bolt",
                "trims/items/boots_trim/coast",
                "trims/items/boots_trim/shaper",
                "trims/items/boots_trim/rib",
                "trims/items/boots_trim/eye",
                "trims/items/boots_trim/flow",
                "trims/items/boots_trim/snout",
                "trims/items/boots_trim/tide",
                "trims/items/boots_trim/dune",
                "trims/items/boots_trim/spire",
                "trims/items/boots_trim/wild",
                "trims/items/boots_trim/host",
                "trims/items/boots_trim/sentry",
                "trims/items/boots_trim/wayfinder",
                "trims/items/boots_trim/vex",
                "trims/items/boots_trim/raiser",
                "trims/items/boots_trim/netherite/bolt",
                "trims/items/boots_trim/netherite/coast",
                "trims/items/boots_trim/netherite/shaper",
                "trims/items/boots_trim/netherite/rib",
                "trims/items/boots_trim/netherite/eye",
                "trims/items/boots_trim/netherite/flow",
                "trims/items/boots_trim/netherite/snout",
                "trims/items/boots_trim/netherite/tide",
                "trims/items/boots_trim/netherite/dune",
                "trims/items/boots_trim/netherite/spire",
                "trims/items/boots_trim/netherite/wild",
                "trims/items/boots_trim/netherite/host",
                "trims/items/boots_trim/netherite/sentry",
                "trims/items/boots_trim/netherite/wayfinder",
                "trims/items/boots_trim/netherite/vex",
                "trims/items/boots_trim/netherite/raiser",
                "trims/items/boots_trim/netherite/silence",
                "trims/items/boots_trim/netherite/ward",
                "trims/items/boots_trim/silence",
                "trims/items/boots_trim/ward",
                "trims/items/chestplate_trim/bolt",
                "trims/items/chestplate_trim/coast",
                "trims/items/chestplate_trim/shaper",
                "trims/items/chestplate_trim/rib",
                "trims/items/chestplate_trim/eye",
                "trims/items/chestplate_trim/flow",
                "trims/items/chestplate_trim/snout",
                "trims/items/chestplate_trim/tide",
                "trims/items/chestplate_trim/dune",
                "trims/items/chestplate_trim/spire",
                "trims/items/chestplate_trim/wild",
                "trims/items/chestplate_trim/host",
                "trims/items/chestplate_trim/sentry",
                "trims/items/chestplate_trim/wayfinder",
                "trims/items/chestplate_trim/vex",
                "trims/items/chestplate_trim/raiser",
                "trims/items/chestplate_trim/silence",
                "trims/items/chestplate_trim/ward",
                "trims/items/helmet_trim/bolt",
                "trims/items/helmet_trim/coast",
                "trims/items/helmet_trim/shaper",
                "trims/items/helmet_trim/rib",
                "trims/items/helmet_trim/eye",
                "trims/items/helmet_trim/flow",
                "trims/items/helmet_trim/snout",
                "trims/items/helmet_trim/tide",
                "trims/items/helmet_trim/turtle/bolt",
                "trims/items/helmet_trim/turtle/coast",
                "trims/items/helmet_trim/turtle/shaper",
                "trims/items/helmet_trim/turtle/rib",
                "trims/items/helmet_trim/turtle/eye",
                "trims/items/helmet_trim/turtle/flow",
                "trims/items/helmet_trim/turtle/snout",
                "trims/items/helmet_trim/turtle/tide",
                "trims/items/helmet_trim/turtle/dune",
                "trims/items/helmet_trim/turtle/spire",
                "trims/items/helmet_trim/turtle/wild",
                "trims/items/helmet_trim/turtle/host",
                "trims/items/helmet_trim/turtle/sentry",
                "trims/items/helmet_trim/turtle/wayfinder",
                "trims/items/helmet_trim/turtle/vex",
                "trims/items/helmet_trim/turtle/raiser",
                "trims/items/helmet_trim/turtle/silence",
                "trims/items/helmet_trim/turtle/ward",
                "trims/items/helmet_trim/dune",
                "trims/items/helmet_trim/spire",
                "trims/items/helmet_trim/wild",
                "trims/items/helmet_trim/host",
                "trims/items/helmet_trim/sentry",
                "trims/items/helmet_trim/wayfinder",
                "trims/items/helmet_trim/vex",
                "trims/items/helmet_trim/raiser",
                "trims/items/helmet_trim/silence",
                "trims/items/helmet_trim/ward",
                "trims/items/leggings_trim/bolt",
                "trims/items/leggings_trim/coast",
                "trims/items/leggings_trim/shaper",
                "trims/items/leggings_trim/rib",
                "trims/items/leggings_trim/eye",
                "trims/items/leggings_trim/flow",
                "trims/items/leggings_trim/snout",
                "trims/items/leggings_trim/tide",
                "trims/items/leggings_trim/dune",
                "trims/items/leggings_trim/spire",
                "trims/items/leggings_trim/wild",
                "trims/items/leggings_trim/host",
                "trims/items/leggings_trim/sentry",
                "trims/items/leggings_trim/wayfinder",
                "trims/items/leggings_trim/vex",
                "trims/items/leggings_trim/raiser",
                "trims/items/leggings_trim/silence",
                "trims/items/leggings_trim/ward"
            ],
            "palette_key": "trims/color_palettes/trim_palette",
            "permutations": {
                "quartz": "trims/color_palettes/quartz",
                "iron": "trims/color_palettes/iron",
                "gold": "trims/color_palettes/gold",
                "diamond": "trims/color_palettes/diamond",
                "netherite": "trims/color_palettes/netherite",
                "redstone": "trims/color_palettes/redstone",
                "copper": "trims/color_palettes/copper",
                "emerald": "trims/color_palettes/emerald",
                "lapis": "trims/color_palettes/lapis",
                "amethyst": "trims/color_palettes/amethyst",
                "resin": "trims/color_palettes/resin",
                "iron_darker": "trims/color_palettes/iron_darker",
                "gold_darker": "trims/color_palettes/gold_darker",
                "diamond_darker": "trims/color_palettes/diamond_darker",
                "netherite_darker": "trims/color_palettes/netherite_darker"
            }
        },
        {
            "type": "directory",
            "source": "block_particle",
            "prefix": "block_particle/"
        },
        {
            "type": "directory",
            "source": "item_particle",
            "prefix": "item_particle/"
        }
    ]
}