{
	"credit": "Made with Blockbench",
	"ambientocclusion": "false",
	"textures": {
		"0": "block/jukebox_top",
		"1": "block/jukebox_side",
		"2": "block/misc/juke_box_disc",
		"particle": "block/jukebox_top"
	},
	"elements": [
		{
			"from": [0, 0, 0],
			"to": [16, 16, 16],
			"faces": {
				"north": {"uv": [0, 0, 16, 16], "texture": "#1", "cullface": "north"},
				"east": {"uv": [0, 0, 16, 16], "texture": "#1", "cullface": "east"},
				"south": {"uv": [0, 0, 16, 16], "texture": "#1", "cullface": "south"},
				"west": {"uv": [0, 0, 16, 16], "texture": "#1", "cullface": "west"},
				"up": {"uv": [0, 0, 16, 16], "texture": "#0", "cullface": "up"},
				"down": {"uv": [0, 0, 16, 16], "texture": "#1", "cullface": "down"}
			}
		},
		{
			"from": [7.5, 16, 3],
			"to": [8.5, 17, 13],
			"faces": {
				"north": {"uv": [0, 4, 1, 5], "texture": "#2"},
				"east": {"uv": [0, 4, 10, 5], "texture": "#2"},
				"south": {"uv": [9, 4, 10, 5], "texture": "#2"},
				"west": {"uv": [0, 4, 10, 5], "texture": "#2"},
				"up": {"uv": [0, 4, 10, 5], "rotation": 90, "texture": "#2"}
			}
		},
		{
			"from": [7.5, 17, 4],
			"to": [8.5, 18, 12],
			"faces": {
				"north": {"uv": [1, 3, 2, 4], "texture": "#2"},
				"east": {"uv": [1, 3, 9, 4], "texture": "#2"},
				"south": {"uv": [8, 3, 9, 4], "texture": "#2"},
				"west": {"uv": [1, 3, 9, 4], "texture": "#2"},
				"up": {"uv": [1, 3, 9, 4], "rotation": 90, "texture": "#2"}
			}
		},
		{
			"from": [7.5, 18, 5],
			"to": [8.5, 19, 11],
			"faces": {
				"north": {"uv": [2, 2, 3, 3], "texture": "#2"},
				"east": {"uv": [2, 2, 8, 3], "texture": "#2"},
				"south": {"uv": [7, 2, 8, 3], "texture": "#2"},
				"west": {"uv": [2, 2, 8, 3], "texture": "#2"},
				"up": {"uv": [2, 2, 8, 3], "rotation": 90, "texture": "#2"}
			}
		},
		{
			"from": [7.5, 19, 7],
			"to": [8.5, 20, 9],
			"faces": {
				"north": {"uv": [4, 1, 5, 2], "texture": "#2"},
				"east": {"uv": [4, 1, 6, 2], "texture": "#2"},
				"south": {"uv": [5, 1, 6, 2], "texture": "#2"},
				"west": {"uv": [4, 1, 6, 2], "texture": "#2"},
				"up": {"uv": [4, 1, 6, 2], "rotation": 90, "texture": "#2"}
			}
		}
	],
	"gui_light": "side",
    	"display": {
        "gui": {
            "rotation": [ 30, 225, 0 ],
            "translation": [ 0, 0, 0],
            "scale":[ 0.625, 0.625, 0.625 ]
        },
        "ground": {
            "rotation": [ 0, 0, 0 ],
            "translation": [ 0, 3, 0],
            "scale":[ 0.25, 0.25, 0.25 ]
        },
        "fixed": {
            "rotation": [ 0, 0, 0 ],
            "translation": [ 0, 0, 0],
            "scale":[ 0.5, 0.5, 0.5 ]
        },
        "thirdperson_righthand": {
            "rotation": [ 75, 45, 0 ],
            "translation": [ 0, 2.5, 0],
            "scale": [ 0.375, 0.375, 0.375 ]
        },
        "firstperson_righthand": {
            "rotation": [ 0, 45, 0 ],
            "translation": [ 0, 0, 0 ],
            "scale": [ 0.40, 0.40, 0.40 ]
        },
        "firstperson_lefthand": {
            "rotation": [ 0, 225, 0 ],
            "translation": [ 0, 0, 0 ],
            "scale": [ 0.40, 0.40, 0.40 ]
        }
    }
}