{
	"credit": "Made with Blockbench",
	"ambientocclusion": false,
	"textures": {
		"particle": "block/cocoa/cocoa_stage0",
		"cocoa": "block/cocoa/cocoa_stage0"
	},
	"elements": [
		{
			"from": [6, 7, 11],
			"to": [10, 12, 15],
			"faces": {
				"north": {"uv": [11, 4, 15, 9], "texture": "#cocoa"},
				"east": {"uv": [11, 4, 15, 9], "texture": "#cocoa"},
				"south": {"uv": [11, 4, 15, 9], "texture": "#cocoa"},
				"west": {"uv": [11, 4, 15, 9], "texture": "#cocoa"},
				"up": {"uv": [0, 0, 4, 4], "texture": "#cocoa"},
				"down": {"uv": [0, 0, 4, 4], "texture": "#cocoa"}
			}
		},
		{
			"from": [7.5, 12, 12],
			"to": [8.5, 14, 15],
			"faces": {
				"north": {"uv": [12, 2, 13, 4], "texture": "#cocoa"},
				"east": {"uv": [9, 2, 12, 4], "texture": "#cocoa"},
				"south": {"uv": [14, 2, 15, 4], "texture": "#cocoa"},
				"west": {"uv": [12, 2, 15, 4], "texture": "#cocoa"},
				"up": {"uv": [12, 2, 15, 3], "rotation": 90, "texture": "#cocoa"}
			}
		},
		{
			"from": [7.5, 14, 14],
			"to": [8.5, 16, 16],
			"faces": {
				"north": {"uv": [14, 0, 15, 2], "texture": "#cocoa"},
				"east": {"uv": [14, 0, 16, 2], "rotation": 90, "texture": "#cocoa"},
				"south": {"uv": [15, 0, 16, 2], "texture": "#cocoa"},
				"west": {"uv": [14, 0, 16, 2], "texture": "#cocoa"},
				"up": {"uv": [14, 0, 16, 1], "rotation": 90, "texture": "#cocoa"},
				"down": {"uv": [14, 1, 16, 2], "rotation": 90, "texture": "#cocoa"}
			}
		},
		{
			"from": [7.5, 14, 13],
			"to": [8.5, 15, 14],
			"faces": {
				"north": {"uv": [13, 1, 14, 2], "texture": "#cocoa"},
				"east": {"uv": [13, 1, 14, 2], "texture": "#cocoa"},
				"west": {"uv": [13, 1, 14, 2], "texture": "#cocoa"},
				"up": {"uv": [13, 1, 14, 2], "texture": "#cocoa"}
			}
		}
	]
}